id,twitter
1,RT @PutraREFORMASI: Tunggu.. Lepas ni skandal felda Lepas tu MARA Lepas tu tabung haji Lepas tu tanah ATM Lepas tu skandal Scorpene Lepas t…
2,RT @PutraREFORMASI: Tunggu.. Lepas ni skandal felda Lepas tu MARA Lepas tu tabung haji Lepas tu tanah ATM Lepas tu skandal Scorpene Lepas t…
3,RT @PutraREFORMASI: Tunggu.. Lepas ni skandal felda Lepas tu MARA Lepas tu tabung haji Lepas tu tanah ATM Lepas tu skandal Scorpene Lepas t…
4,RT @PutraREFORMASI: Tunggu.. Lepas ni skandal felda Lepas tu MARA Lepas tu tabung haji Lepas tu tanah ATM Lepas tu skandal Scorpene Lepas t…
5,RT @PutraREFORMASI: Tunggu.. Lepas ni skandal felda Lepas tu MARA Lepas tu tabung haji Lepas tu tanah ATM Lepas tu skandal Scorpene Lepas t…
6,@saladinMY 'Lepas ni jangan marah Tabung Haji'  
7,RT @PutraREFORMASI: Tunggu.. Lepas ni skandal felda Lepas tu MARA Lepas tu tabung haji Lepas tu tanah ATM Lepas tu skandal Scorpene Lepas t…
8,RT @PutraREFORMASI: Tunggu.. Lepas ni skandal felda Lepas tu MARA Lepas tu tabung haji Lepas tu tanah ATM Lepas tu skandal Scorpene Lepas t…
9,RT @PutraREFORMASI: Tunggu.. Lepas ni skandal felda Lepas tu MARA Lepas tu tabung haji Lepas tu tanah ATM Lepas tu skandal Scorpene Lepas t…
10,"RT @HafizRayyan: Pembunuhan Altantuya, Scorpene, MARA, Felda, 1MDB, JhoLow, Rosmah si boros, MH370, MH17, skandal Tabung Haji &amp; many more n…"
11,RT @KerajaanRakyat2: Berlakon sakit dan masuk hospital. takut #sprm cekup. Ini org yg sapu duit Tabung Haji. betul2 macam dlm filem Tamil.…
12,RT @PutraREFORMASI: Tunggu.. Lepas ni skandal felda Lepas tu MARA Lepas tu tabung haji Lepas tu tanah ATM Lepas tu skandal Scorpene Lepas t…
13,RT @PutraREFORMASI: Tunggu.. Lepas ni skandal felda Lepas tu MARA Lepas tu tabung haji Lepas tu tanah ATM Lepas tu skandal Scorpene Lepas t…
14,"RT @HafizRayyan: Pembunuhan Altantuya, Scorpene, MARA, Felda, 1MDB, JhoLow, Rosmah si boros, MH370, MH17, skandal Tabung Haji &amp; many more n…"
15,RT @PutraREFORMASI: Tunggu.. Lepas ni skandal felda Lepas tu MARA Lepas tu tabung haji Lepas tu tanah ATM Lepas tu skandal Scorpene Lepas t…
16,RT @PutraREFORMASI: Tunggu.. Lepas ni skandal felda Lepas tu MARA Lepas tu tabung haji Lepas tu tanah ATM Lepas tu skandal Scorpene Lepas t…
17,RT @PutraREFORMASI: Tunggu.. Lepas ni skandal felda Lepas tu MARA Lepas tu tabung haji Lepas tu tanah ATM Lepas tu skandal Scorpene Lepas t…
18,RT @PutraREFORMASI: Tunggu.. Lepas ni skandal felda Lepas tu MARA Lepas tu tabung haji Lepas tu tanah ATM Lepas tu skandal Scorpene Lepas t…
19,"RT @aymeemin: Tweet pasal Khazanah bagi pinjaman tak berbayar RM150j kat FashionValet tu kenapa dah tak ada? I think selain Felda, Tabung H…"
20,RT @PutraREFORMASI: Tunggu.. Lepas ni skandal felda Lepas tu MARA Lepas tu tabung haji Lepas tu tanah ATM Lepas tu skandal Scorpene Lepas t…
21,RT @PutraREFORMASI: Tunggu.. Lepas ni skandal felda Lepas tu MARA Lepas tu tabung haji Lepas tu tanah ATM Lepas tu skandal Scorpene Lepas t…
22,RT @PutraREFORMASI: Tunggu.. Lepas ni skandal felda Lepas tu MARA Lepas tu tabung haji Lepas tu tanah ATM Lepas tu skandal Scorpene Lepas t…
23,RT @PutraREFORMASI: Tunggu.. Lepas ni skandal felda Lepas tu MARA Lepas tu tabung haji Lepas tu tanah ATM Lepas tu skandal Scorpene Lepas t…
24,RT @PutraREFORMASI: Tunggu.. Lepas ni skandal felda Lepas tu MARA Lepas tu tabung haji Lepas tu tanah ATM Lepas tu skandal Scorpene Lepas t…
25,RT @PutraREFORMASI: Tunggu.. Lepas ni skandal felda Lepas tu MARA Lepas tu tabung haji Lepas tu tanah ATM Lepas tu skandal Scorpene Lepas t…
26,RT @PutraREFORMASI: Tunggu.. Lepas ni skandal felda Lepas tu MARA Lepas tu tabung haji Lepas tu tanah ATM Lepas tu skandal Scorpene Lepas t…
27,"RT @HafizRayyan: Pembunuhan Altantuya, Scorpene, MARA, Felda, 1MDB, JhoLow, Rosmah si boros, MH370, MH17, skandal Tabung Haji &amp; many more n…"
28,"RT @HafizRayyan: Pembunuhan Altantuya, Scorpene, MARA, Felda, 1MDB, JhoLow, Rosmah si boros, MH370, MH17, skandal Tabung Haji &amp; many more n…"
29,RT @PutraREFORMASI: Tunggu.. Lepas ni skandal felda Lepas tu MARA Lepas tu tabung haji Lepas tu tanah ATM Lepas tu skandal Scorpene Lepas t…
30,"RT @HafizRayyan: Pembunuhan Altantuya, Scorpene, MARA, Felda, 1MDB, JhoLow, Rosmah si boros, MH370, MH17, skandal Tabung Haji &amp; many more n…"
31,"RT @HafizRayyan: Pembunuhan Altantuya, Scorpene, MARA, Felda, 1MDB, JhoLow, Rosmah si boros, MH370, MH17, skandal Tabung Haji &amp; many more n…"
32,"RT @HafizRayyan: Pembunuhan Altantuya, Scorpene, MARA, Felda, 1MDB, JhoLow, Rosmah si boros, MH370, MH17, skandal Tabung Haji &amp; many more n…"
33,RT @PutraREFORMASI: Tunggu.. Lepas ni skandal felda Lepas tu MARA Lepas tu tabung haji Lepas tu tanah ATM Lepas tu skandal Scorpene Lepas t…
34,RT @PutraREFORMASI: Tunggu.. Lepas ni skandal felda Lepas tu MARA Lepas tu tabung haji Lepas tu tanah ATM Lepas tu skandal Scorpene Lepas t…
35,RT @PutraREFORMASI: Tunggu.. Lepas ni skandal felda Lepas tu MARA Lepas tu tabung haji Lepas tu tanah ATM Lepas tu skandal Scorpene Lepas t…
36,RT @PutraREFORMASI: Tunggu.. Lepas ni skandal felda Lepas tu MARA Lepas tu tabung haji Lepas tu tanah ATM Lepas tu skandal Scorpene Lepas t…
37,"RT @HafizRayyan: Pembunuhan Altantuya, Scorpene, MARA, Felda, 1MDB, JhoLow, Rosmah si boros, MH370, MH17, skandal Tabung Haji &amp; many more n…"
38,RT @PutraREFORMASI: Tunggu.. Lepas ni skandal felda Lepas tu MARA Lepas tu tabung haji Lepas tu tanah ATM Lepas tu skandal Scorpene Lepas t…
39,RT @PutraREFORMASI: Tunggu.. Lepas ni skandal felda Lepas tu MARA Lepas tu tabung haji Lepas tu tanah ATM Lepas tu skandal Scorpene Lepas t…
40,RT @PutraREFORMASI: Tunggu.. Lepas ni skandal felda Lepas tu MARA Lepas tu tabung haji Lepas tu tanah ATM Lepas tu skandal Scorpene Lepas t…
41,RT @PutraREFORMASI: Tunggu.. Lepas ni skandal felda Lepas tu MARA Lepas tu tabung haji Lepas tu tanah ATM Lepas tu skandal Scorpene Lepas t…
42,RT @PutraREFORMASI: Tunggu.. Lepas ni skandal felda Lepas tu MARA Lepas tu tabung haji Lepas tu tanah ATM Lepas tu skandal Scorpene Lepas t…
43,RT @PutraREFORMASI: Tunggu.. Lepas ni skandal felda Lepas tu MARA Lepas tu tabung haji Lepas tu tanah ATM Lepas tu skandal Scorpene Lepas t…
44,RT @PutraREFORMASI: Tunggu.. Lepas ni skandal felda Lepas tu MARA Lepas tu tabung haji Lepas tu tanah ATM Lepas tu skandal Scorpene Lepas t…
45,"RT @HafizRayyan: Pembunuhan Altantuya, Scorpene, MARA, Felda, 1MDB, JhoLow, Rosmah si boros, MH370, MH17, skandal Tabung Haji &amp; many more n…"
46,"RT @HafizRayyan: Pembunuhan Altantuya, Scorpene, MARA, Felda, 1MDB, JhoLow, Rosmah si boros, MH370, MH17, skandal Tabung Haji &amp; many more n…"
47,RT @PutraREFORMASI: Tunggu.. Lepas ni skandal felda Lepas tu MARA Lepas tu tabung haji Lepas tu tanah ATM Lepas tu skandal Scorpene Lepas t…
48,"RT @HafizRayyan: Pembunuhan Altantuya, Scorpene, MARA, Felda, 1MDB, JhoLow, Rosmah si boros, MH370, MH17, skandal Tabung Haji &amp; many more n…"
49,RT @PutraREFORMASI: Tunggu.. Lepas ni skandal felda Lepas tu MARA Lepas tu tabung haji Lepas tu tanah ATM Lepas tu skandal Scorpene Lepas t…
50,"Ayuh @SPRMMalaysia jalankan kerja dn kewajipan, kamu tiada dikongkong oleh sesiapa lagi ..  "
51,RT @PutraREFORMASI: Tunggu.. Lepas ni skandal felda Lepas tu MARA Lepas tu tabung haji Lepas tu tanah ATM Lepas tu skandal Scorpene Lepas t…
52,RT @KerajaanRakyat2: Berlakon sakit dan masuk hospital. takut #sprm cekup. Ini org yg sapu duit Tabung Haji. betul2 macam dlm filem Tamil.…
53,RT @PutraREFORMASI: Tunggu.. Lepas ni skandal felda Lepas tu MARA Lepas tu tabung haji Lepas tu tanah ATM Lepas tu skandal Scorpene Lepas t…
54,RT @PutraREFORMASI: Tunggu.. Lepas ni skandal felda Lepas tu MARA Lepas tu tabung haji Lepas tu tanah ATM Lepas tu skandal Scorpene Lepas t…
55,RT @PutraREFORMASI: Tunggu.. Lepas ni skandal felda Lepas tu MARA Lepas tu tabung haji Lepas tu tanah ATM Lepas tu skandal Scorpene Lepas t…
56,RT @PutraREFORMASI: Tunggu.. Lepas ni skandal felda Lepas tu MARA Lepas tu tabung haji Lepas tu tanah ATM Lepas tu skandal Scorpene Lepas t…
57,RT @PutraREFORMASI: Tunggu.. Lepas ni skandal felda Lepas tu MARA Lepas tu tabung haji Lepas tu tanah ATM Lepas tu skandal Scorpene Lepas t…
58,"RT @HafizRayyan: Pembunuhan Altantuya, Scorpene, MARA, Felda, 1MDB, JhoLow, Rosmah si boros, MH370, MH17, skandal Tabung Haji &amp; many more n…"
59,"RT @HafizRayyan: Pembunuhan Altantuya, Scorpene, MARA, Felda, 1MDB, JhoLow, Rosmah si boros, MH370, MH17, skandal Tabung Haji &amp; many more n…"
60,RT @fikriahzry: Lepas settle semua kes ni ... merayu sgt2 angkatlah balik maruah pelajar2 Kolej Vokasional yang selama ni di pandang enteng…
61,RT @PutraREFORMASI: Tunggu.. Lepas ni skandal felda Lepas tu MARA Lepas tu tabung haji Lepas tu tanah ATM Lepas tu skandal Scorpene Lepas t…
62,RT @PutraREFORMASI: Tunggu.. Lepas ni skandal felda Lepas tu MARA Lepas tu tabung haji Lepas tu tanah ATM Lepas tu skandal Scorpene Lepas t…
63,"Salam semua, Tabung Haji Hotel Kuching akan mengadakan open interview di UTC ari tok pukul 9 pagi-5 ptg, tulong pad…  "
64,RT @PutraREFORMASI: Tunggu.. Lepas ni skandal felda Lepas tu MARA Lepas tu tabung haji Lepas tu tanah ATM Lepas tu skandal Scorpene Lepas t…
65,RT @PutraREFORMASI: Tunggu.. Lepas ni skandal felda Lepas tu MARA Lepas tu tabung haji Lepas tu tanah ATM Lepas tu skandal Scorpene Lepas t…
66,RT @PutraREFORMASI: Tunggu.. Lepas ni skandal felda Lepas tu MARA Lepas tu tabung haji Lepas tu tanah ATM Lepas tu skandal Scorpene Lepas t…
67,RT @PutraREFORMASI: Tunggu.. Lepas ni skandal felda Lepas tu MARA Lepas tu tabung haji Lepas tu tanah ATM Lepas tu skandal Scorpene Lepas t…
68,RT @PutraREFORMASI: Tunggu.. Lepas ni skandal felda Lepas tu MARA Lepas tu tabung haji Lepas tu tanah ATM Lepas tu skandal Scorpene Lepas t…
69,RT @fikriahzry: Lepas settle semua kes ni ... merayu sgt2 angkatlah balik maruah pelajar2 Kolej Vokasional yang selama ni di pandang enteng…
70,RT @PutraREFORMASI: Tunggu.. Lepas ni skandal felda Lepas tu MARA Lepas tu tabung haji Lepas tu tanah ATM Lepas tu skandal Scorpene Lepas t…
71,"RT @azean_hasan: Tu baru 1mdb punya lapuran..belum lagi kwap, tabung haji, mara..felda..siapa sebenarnya memiskinkan melayu,kalau bukan bek…"
72,RT @PutraREFORMASI: Tunggu.. Lepas ni skandal felda Lepas tu MARA Lepas tu tabung haji Lepas tu tanah ATM Lepas tu skandal Scorpene Lepas t…
73,"RT @HidupBer1: Ayuh @SPRMMalaysia jalankan kerja dn kewajipan, kamu tiada dikongkong oleh sesiapa lagi ..  "
74,"RT @HafizRayyan: Pembunuhan Altantuya, Scorpene, MARA, Felda, 1MDB, JhoLow, Rosmah si boros, MH370, MH17, skandal Tabung Haji &amp; many more n…"
75,RT @PutraREFORMASI: Tunggu.. Lepas ni skandal felda Lepas tu MARA Lepas tu tabung haji Lepas tu tanah ATM Lepas tu skandal Scorpene Lepas t…
76,RT @PutraREFORMASI: Tunggu.. Lepas ni skandal felda Lepas tu MARA Lepas tu tabung haji Lepas tu tanah ATM Lepas tu skandal Scorpene Lepas t…
77,RT @PutraREFORMASI: Tunggu.. Lepas ni skandal felda Lepas tu MARA Lepas tu tabung haji Lepas tu tanah ATM Lepas tu skandal Scorpene Lepas t…
78,RT @PutraREFORMASI: Tunggu.. Lepas ni skandal felda Lepas tu MARA Lepas tu tabung haji Lepas tu tanah ATM Lepas tu skandal Scorpene Lepas t…
79,RT @PutraREFORMASI: Tunggu.. Lepas ni skandal felda Lepas tu MARA Lepas tu tabung haji Lepas tu tanah ATM Lepas tu skandal Scorpene Lepas t…
80,RT @PutraREFORMASI: Tunggu.. Lepas ni skandal felda Lepas tu MARA Lepas tu tabung haji Lepas tu tanah ATM Lepas tu skandal Scorpene Lepas t…
81,"RT @HafizRayyan: Pembunuhan Altantuya, Scorpene, MARA, Felda, 1MDB, JhoLow, Rosmah si boros, MH370, MH17, skandal Tabung Haji &amp; many more n…"
82,RT @PutraREFORMASI: Tunggu.. Lepas ni skandal felda Lepas tu MARA Lepas tu tabung haji Lepas tu tanah ATM Lepas tu skandal Scorpene Lepas t…
83,"RT @HafizRayyan: Pembunuhan Altantuya, Scorpene, MARA, Felda, 1MDB, JhoLow, Rosmah si boros, MH370, MH17, skandal Tabung Haji &amp; many more n…"
84,"RT @HafizRayyan: Pembunuhan Altantuya, Scorpene, MARA, Felda, 1MDB, JhoLow, Rosmah si boros, MH370, MH17, skandal Tabung Haji &amp; many more n…"
85,@maqariffin Haha nasi briani depan tabung haji qam 
86,"RT @HidupBer1: Ayuh @SPRMMalaysia jalankan kerja dn kewajipan, kamu tiada dikongkong oleh sesiapa lagi ..  "
87,RT @PutraREFORMASI: Tunggu.. Lepas ni skandal felda Lepas tu MARA Lepas tu tabung haji Lepas tu tanah ATM Lepas tu skandal Scorpene Lepas t…
88,"RT @HafizRayyan: Pembunuhan Altantuya, Scorpene, MARA, Felda, 1MDB, JhoLow, Rosmah si boros, MH370, MH17, skandal Tabung Haji &amp; many more n…"
89,"RT @HafizRayyan: Pembunuhan Altantuya, Scorpene, MARA, Felda, 1MDB, JhoLow, Rosmah si boros, MH370, MH17, skandal Tabung Haji &amp; many more n…"
90,RT @KerajaanRakyat2: Berlakon sakit dan masuk hospital. takut #sprm cekup. Ini org yg sapu duit Tabung Haji. betul2 macam dlm filem Tamil.…
91,RT @PutraREFORMASI: Tunggu.. Lepas ni skandal felda Lepas tu MARA Lepas tu tabung haji Lepas tu tanah ATM Lepas tu skandal Scorpene Lepas t…
92,RT @PutraREFORMASI: Tunggu.. Lepas ni skandal felda Lepas tu MARA Lepas tu tabung haji Lepas tu tanah ATM Lepas tu skandal Scorpene Lepas t…
93,RT @PutraREFORMASI: Tunggu.. Lepas ni skandal felda Lepas tu MARA Lepas tu tabung haji Lepas tu tanah ATM Lepas tu skandal Scorpene Lepas t…
94,RT @PutraREFORMASI: Tunggu.. Lepas ni skandal felda Lepas tu MARA Lepas tu tabung haji Lepas tu tanah ATM Lepas tu skandal Scorpene Lepas t…
95,RT @PutraREFORMASI: Tunggu.. Lepas ni skandal felda Lepas tu MARA Lepas tu tabung haji Lepas tu tanah ATM Lepas tu skandal Scorpene Lepas t…
96,RT @PutraREFORMASI: Tunggu.. Lepas ni skandal felda Lepas tu MARA Lepas tu tabung haji Lepas tu tanah ATM Lepas tu skandal Scorpene Lepas t…
97,RT @PutraREFORMASI: Tunggu.. Lepas ni skandal felda Lepas tu MARA Lepas tu tabung haji Lepas tu tanah ATM Lepas tu skandal Scorpene Lepas t…
98,RT @PutraREFORMASI: Tunggu.. Lepas ni skandal felda Lepas tu MARA Lepas tu tabung haji Lepas tu tanah ATM Lepas tu skandal Scorpene Lepas t…
99,RT @PutraREFORMASI: Tunggu.. Lepas ni skandal felda Lepas tu MARA Lepas tu tabung haji Lepas tu tanah ATM Lepas tu skandal Scorpene Lepas t…
100,RT @PutraREFORMASI: Tunggu.. Lepas ni skandal felda Lepas tu MARA Lepas tu tabung haji Lepas tu tanah ATM Lepas tu skandal Scorpene Lepas t…
101,RT @PutraREFORMASI: Tunggu.. Lepas ni skandal felda Lepas tu MARA Lepas tu tabung haji Lepas tu tanah ATM Lepas tu skandal Scorpene Lepas t…
102,RT @PutraREFORMASI: Tunggu.. Lepas ni skandal felda Lepas tu MARA Lepas tu tabung haji Lepas tu tanah ATM Lepas tu skandal Scorpene Lepas t…
103,RT @PutraREFORMASI: Tunggu.. Lepas ni skandal felda Lepas tu MARA Lepas tu tabung haji Lepas tu tanah ATM Lepas tu skandal Scorpene Lepas t…
104,@KerajaanRakyat2 Dapat maklumat ada usaha bawa keluar dokumen. Boleh tanya kawan Tabung Haji. Ada yg berjaya dibawa…  
105,RT @PutraREFORMASI: Tunggu.. Lepas ni skandal felda Lepas tu MARA Lepas tu tabung haji Lepas tu tanah ATM Lepas tu skandal Scorpene Lepas t…
106,RT @PutraREFORMASI: Tunggu.. Lepas ni skandal felda Lepas tu MARA Lepas tu tabung haji Lepas tu tanah ATM Lepas tu skandal Scorpene Lepas t…
107,RT @PutraREFORMASI: Tunggu.. Lepas ni skandal felda Lepas tu MARA Lepas tu tabung haji Lepas tu tanah ATM Lepas tu skandal Scorpene Lepas t…
108,RT @PutraREFORMASI: Tunggu.. Lepas ni skandal felda Lepas tu MARA Lepas tu tabung haji Lepas tu tanah ATM Lepas tu skandal Scorpene Lepas t…
109,RT @PutraREFORMASI: Tunggu.. Lepas ni skandal felda Lepas tu MARA Lepas tu tabung haji Lepas tu tanah ATM Lepas tu skandal Scorpene Lepas t…
110,RT @PutraREFORMASI: Tunggu.. Lepas ni skandal felda Lepas tu MARA Lepas tu tabung haji Lepas tu tanah ATM Lepas tu skandal Scorpene Lepas t…
111,RT @PutraREFORMASI: Tunggu.. Lepas ni skandal felda Lepas tu MARA Lepas tu tabung haji Lepas tu tanah ATM Lepas tu skandal Scorpene Lepas t…
112,RT @PutraREFORMASI: Tunggu.. Lepas ni skandal felda Lepas tu MARA Lepas tu tabung haji Lepas tu tanah ATM Lepas tu skandal Scorpene Lepas t…
113,"RT @HafizRayyan: Pembunuhan Altantuya, Scorpene, MARA, Felda, 1MDB, JhoLow, Rosmah si boros, MH370, MH17, skandal Tabung Haji &amp; many more n…"
114,"Setuju. Rakyat Malaysia berhak tahu skandal2 pemimpin sebelum ini.  Jalankan siasatan juga terhadap Perwaja Steel,…  "
115,@tunfaisal @SpitfireShah @anthraxxxx Berpusing pusing... The money trail outside the country is the real deal.. Wha…  
116,RT @PutraREFORMASI: Tunggu.. Lepas ni skandal felda Lepas tu MARA Lepas tu tabung haji Lepas tu tanah ATM Lepas tu skandal Scorpene Lepas t…
117,RT @PutraREFORMASI: Tunggu.. Lepas ni skandal felda Lepas tu MARA Lepas tu tabung haji Lepas tu tanah ATM Lepas tu skandal Scorpene Lepas t…
118,"RT @azean_hasan: Tu baru 1mdb punya lapuran..belum lagi kwap, tabung haji, mara..felda..siapa sebenarnya memiskinkan melayu,kalau bukan bek…"
119,MH370  
120,RT @KerajaanRakyat2: Berlakon sakit dan masuk hospital. takut #sprm cekup. Ini org yg sapu duit Tabung Haji. betul2 macam dlm filem Tamil.…
121,RT @armanamin330: @KerajaanRakyat2 Dapat maklumat ada usaha bawa keluar dokumen. Boleh tanya kawan Tabung Haji. Ada yg berjaya dibawa kelua…
122,"RT @HidupBer1: Ayuh @SPRMMalaysia jalankan kerja dn kewajipan, kamu tiada dikongkong oleh sesiapa lagi ..  "
123,RT @PutraREFORMASI: Tunggu.. Lepas ni skandal felda Lepas tu MARA Lepas tu tabung haji Lepas tu tanah ATM Lepas tu skandal Scorpene Lepas t…
124,RT @PutraREFORMASI: Tunggu.. Lepas ni skandal felda Lepas tu MARA Lepas tu tabung haji Lepas tu tanah ATM Lepas tu skandal Scorpene Lepas t…
125,"I'm at Bangunan Tabung Haji in Kuala Lumpur, WP Kuala Lumpur  "
126,RT @PutraREFORMASI: Tunggu.. Lepas ni skandal felda Lepas tu MARA Lepas tu tabung haji Lepas tu tanah ATM Lepas tu skandal Scorpene Lepas t…
127,RT @PutraREFORMASI: Tunggu.. Lepas ni skandal felda Lepas tu MARA Lepas tu tabung haji Lepas tu tanah ATM Lepas tu skandal Scorpene Lepas t…
128,RT @PutraREFORMASI: Tunggu.. Lepas ni skandal felda Lepas tu MARA Lepas tu tabung haji Lepas tu tanah ATM Lepas tu skandal Scorpene Lepas t…
129,RT @PutraREFORMASI: Tunggu.. Lepas ni skandal felda Lepas tu MARA Lepas tu tabung haji Lepas tu tanah ATM Lepas tu skandal Scorpene Lepas t…
130,RT @PutraREFORMASI: Tunggu.. Lepas ni skandal felda Lepas tu MARA Lepas tu tabung haji Lepas tu tanah ATM Lepas tu skandal Scorpene Lepas t…
131,RT @PutraREFORMASI: Tunggu.. Lepas ni skandal felda Lepas tu MARA Lepas tu tabung haji Lepas tu tanah ATM Lepas tu skandal Scorpene Lepas t…
132,RT @ZaimUwais: Demi mengangkat ketelusan &amp; kerajaan bersih yg dilaungkan PH.   Rakyat Malaysia mahu PH buat siasatan segera juga terhadap P…
133,RT @PutraREFORMASI: Tunggu.. Lepas ni skandal felda Lepas tu MARA Lepas tu tabung haji Lepas tu tanah ATM Lepas tu skandal Scorpene Lepas t…
134,RT @KerajaanRakyat2: Berlakon sakit dan masuk hospital. takut #sprm cekup. Ini org yg sapu duit Tabung Haji. betul2 macam dlm filem Tamil.…
135,RT @PutraREFORMASI: Tunggu.. Lepas ni skandal felda Lepas tu MARA Lepas tu tabung haji Lepas tu tanah ATM Lepas tu skandal Scorpene Lepas t…
136,RT @PutraREFORMASI: Tunggu.. Lepas ni skandal felda Lepas tu MARA Lepas tu tabung haji Lepas tu tanah ATM Lepas tu skandal Scorpene Lepas t…
137,"‼️FSKM STUDENTS who are interested  to OPEN TABUNG HAJI ACCOUNT, the details are as follows:‼️  DATE: 16th May 2018…  "
138,RT @PutraREFORMASI: Tunggu.. Lepas ni skandal felda Lepas tu MARA Lepas tu tabung haji Lepas tu tanah ATM Lepas tu skandal Scorpene Lepas t…
139,RT @KerajaanRakyat2: Berlakon sakit dan masuk hospital. takut #sprm cekup. Ini org yg sapu duit Tabung Haji. betul2 macam dlm filem Tamil.…
140,RT @ZaimUwais: Demi mengangkat ketelusan &amp; kerajaan bersih yg dilaungkan PH.   Rakyat Malaysia mahu PH buat siasatan segera juga terhadap P…
141,"RT @ascmyofficial: ‼️FSKM STUDENTS who are interested  to OPEN TABUNG HAJI ACCOUNT, the details are as follows:‼️  DATE: 16th May 2018 (Tod…"
142,Hero Tamil curyy parpu cousin to Irwan Serrigar memang kuat berlakon @azeezputera Tunggu kita selesai satu satu.MHH…  
143,RT @PutraREFORMASI: Tunggu.. Lepas ni skandal felda Lepas tu MARA Lepas tu tabung haji Lepas tu tanah ATM Lepas tu skandal Scorpene Lepas t…
144,"RT @HafizRayyan: Pembunuhan Altantuya, Scorpene, MARA, Felda, 1MDB, JhoLow, Rosmah si boros, MH370, MH17, skandal Tabung Haji &amp; many more n…"
145,RT @PutraREFORMASI: Tunggu.. Lepas ni skandal felda Lepas tu MARA Lepas tu tabung haji Lepas tu tanah ATM Lepas tu skandal Scorpene Lepas t…
146,"Kids, no more Avengers ,Transfomers, Fast &amp; Furious..62 movies will released soon   "
147,RT @PutraREFORMASI: Tunggu.. Lepas ni skandal felda Lepas tu MARA Lepas tu tabung haji Lepas tu tanah ATM Lepas tu skandal Scorpene Lepas t…
148,RT @PutraREFORMASI: Tunggu.. Lepas ni skandal felda Lepas tu MARA Lepas tu tabung haji Lepas tu tanah ATM Lepas tu skandal Scorpene Lepas t…
149,RT @PutraREFORMASI: Tunggu.. Lepas ni skandal felda Lepas tu MARA Lepas tu tabung haji Lepas tu tanah ATM Lepas tu skandal Scorpene Lepas t…
150,RT @PutraREFORMASI: Tunggu.. Lepas ni skandal felda Lepas tu MARA Lepas tu tabung haji Lepas tu tanah ATM Lepas tu skandal Scorpene Lepas t…
151,RT @PutraREFORMASI: Tunggu.. Lepas ni skandal felda Lepas tu MARA Lepas tu tabung haji Lepas tu tanah ATM Lepas tu skandal Scorpene Lepas t…
152,RT @PutraREFORMASI: Tunggu.. Lepas ni skandal felda Lepas tu MARA Lepas tu tabung haji Lepas tu tanah ATM Lepas tu skandal Scorpene Lepas t…
153,RT @PutraREFORMASI: Tunggu.. Lepas ni skandal felda Lepas tu MARA Lepas tu tabung haji Lepas tu tanah ATM Lepas tu skandal Scorpene Lepas t…
154,RT @PutraREFORMASI: Tunggu.. Lepas ni skandal felda Lepas tu MARA Lepas tu tabung haji Lepas tu tanah ATM Lepas tu skandal Scorpene Lepas t…
155,"RT @HidupBer1: Ayuh @SPRMMalaysia jalankan kerja dn kewajipan, kamu tiada dikongkong oleh sesiapa lagi ..  "
156,Cukup cukup lah fitnah   
157,RT @PutraREFORMASI: Tunggu.. Lepas ni skandal felda Lepas tu MARA Lepas tu tabung haji Lepas tu tanah ATM Lepas tu skandal Scorpene Lepas t…
158,RT @PutraREFORMASI: Tunggu.. Lepas ni skandal felda Lepas tu MARA Lepas tu tabung haji Lepas tu tanah ATM Lepas tu skandal Scorpene Lepas t…
159,RT @PutraREFORMASI: Tunggu.. Lepas ni skandal felda Lepas tu MARA Lepas tu tabung haji Lepas tu tanah ATM Lepas tu skandal Scorpene Lepas t…
160,"RT @HafizRayyan: Pembunuhan Altantuya, Scorpene, MARA, Felda, 1MDB, JhoLow, Rosmah si boros, MH370, MH17, skandal Tabung Haji &amp; many more n…"
161,RT @PutraREFORMASI: Tunggu.. Lepas ni skandal felda Lepas tu MARA Lepas tu tabung haji Lepas tu tanah ATM Lepas tu skandal Scorpene Lepas t…
162,RT @PutraREFORMASI: Tunggu.. Lepas ni skandal felda Lepas tu MARA Lepas tu tabung haji Lepas tu tanah ATM Lepas tu skandal Scorpene Lepas t…
163,"RT @HafizRayyan: Pembunuhan Altantuya, Scorpene, MARA, Felda, 1MDB, JhoLow, Rosmah si boros, MH370, MH17, skandal Tabung Haji &amp; many more n…"
164,RT @KerajaanRakyat2: Berlakon sakit dan masuk hospital. takut #sprm cekup. Ini org yg sapu duit Tabung Haji. betul2 macam dlm filem Tamil.…
165,RT @PutraREFORMASI: Tunggu.. Lepas ni skandal felda Lepas tu MARA Lepas tu tabung haji Lepas tu tanah ATM Lepas tu skandal Scorpene Lepas t…
166,RT @PutraREFORMASI: Tunggu.. Lepas ni skandal felda Lepas tu MARA Lepas tu tabung haji Lepas tu tanah ATM Lepas tu skandal Scorpene Lepas t…
167,"RT @azean_hasan: Tu baru 1mdb punya lapuran..belum lagi kwap, tabung haji, mara..felda..siapa sebenarnya memiskinkan melayu,kalau bukan bek…"
168,RT @PutraREFORMASI: Tunggu.. Lepas ni skandal felda Lepas tu MARA Lepas tu tabung haji Lepas tu tanah ATM Lepas tu skandal Scorpene Lepas t…
169,RT @PutraREFORMASI: Tunggu.. Lepas ni skandal felda Lepas tu MARA Lepas tu tabung haji Lepas tu tanah ATM Lepas tu skandal Scorpene Lepas t…
170,"‼️FSKM STUDENTS who are interested  to OPEN TABUNG HAJI ACCOUNT, the details are as follows:‼️  DATE: 16th May 2018…  "
171,RT @PutraREFORMASI: Tunggu.. Lepas ni skandal felda Lepas tu MARA Lepas tu tabung haji Lepas tu tanah ATM Lepas tu skandal Scorpene Lepas t…
172,"RT @ascmyofficial: ‼️FSKM STUDENTS who are interested  to OPEN TABUNG HAJI ACCOUNT, the details are as follows:‼️  DATE: 16th May 2018 (Tod…"
173,RT @PutraREFORMASI: Tunggu.. Lepas ni skandal felda Lepas tu MARA Lepas tu tabung haji Lepas tu tanah ATM Lepas tu skandal Scorpene Lepas t…
174,RT @PutraREFORMASI: Tunggu.. Lepas ni skandal felda Lepas tu MARA Lepas tu tabung haji Lepas tu tanah ATM Lepas tu skandal Scorpene Lepas t…
175,RT @PutraREFORMASI: Tunggu.. Lepas ni skandal felda Lepas tu MARA Lepas tu tabung haji Lepas tu tanah ATM Lepas tu skandal Scorpene Lepas t…
176,RT @PutraREFORMASI: Tunggu.. Lepas ni skandal felda Lepas tu MARA Lepas tu tabung haji Lepas tu tanah ATM Lepas tu skandal Scorpene Lepas t…
177,RT @PutraREFORMASI: Tunggu.. Lepas ni skandal felda Lepas tu MARA Lepas tu tabung haji Lepas tu tanah ATM Lepas tu skandal Scorpene Lepas t…
178,RT @PutraREFORMASI: Tunggu.. Lepas ni skandal felda Lepas tu MARA Lepas tu tabung haji Lepas tu tanah ATM Lepas tu skandal Scorpene Lepas t…
179,RT @PutraREFORMASI: Tunggu.. Lepas ni skandal felda Lepas tu MARA Lepas tu tabung haji Lepas tu tanah ATM Lepas tu skandal Scorpene Lepas t…
180,RT @PutraREFORMASI: Tunggu.. Lepas ni skandal felda Lepas tu MARA Lepas tu tabung haji Lepas tu tanah ATM Lepas tu skandal Scorpene Lepas t…
181,RT @PutraREFORMASI: Tunggu.. Lepas ni skandal felda Lepas tu MARA Lepas tu tabung haji Lepas tu tanah ATM Lepas tu skandal Scorpene Lepas t…
182,"RT @ascmyofficial: ‼️FSKM STUDENTS who are interested  to OPEN TABUNG HAJI ACCOUNT, the details are as follows:‼️  DATE: 16th May 2018 (Tod…"
183,RT @PutraREFORMASI: Tunggu.. Lepas ni skandal felda Lepas tu MARA Lepas tu tabung haji Lepas tu tanah ATM Lepas tu skandal Scorpene Lepas t…
184,RT @PutraREFORMASI: Tunggu.. Lepas ni skandal felda Lepas tu MARA Lepas tu tabung haji Lepas tu tanah ATM Lepas tu skandal Scorpene Lepas t…
185,RT @PutraREFORMASI: Tunggu.. Lepas ni skandal felda Lepas tu MARA Lepas tu tabung haji Lepas tu tanah ATM Lepas tu skandal Scorpene Lepas t…
186,RT @KerajaanRakyat2: Berlakon sakit dan masuk hospital. takut #sprm cekup. Ini org yg sapu duit Tabung Haji. betul2 macam dlm filem Tamil.…
187,RT @PutraREFORMASI: Tunggu.. Lepas ni skandal felda Lepas tu MARA Lepas tu tabung haji Lepas tu tanah ATM Lepas tu skandal Scorpene Lepas t…
188,"RT @syazwnr: Shahrizat Jalil Irwan Serigar Arul Kanda Hashim EC Najib Razak Pengarah Yapeim Rosmah Mansor Apandi Ali Pengarah² 1MDB, SRC da…"
189,RT @PutraREFORMASI: Tunggu.. Lepas ni skandal felda Lepas tu MARA Lepas tu tabung haji Lepas tu tanah ATM Lepas tu skandal Scorpene Lepas t…
190,RT @PutraREFORMASI: Tunggu.. Lepas ni skandal felda Lepas tu MARA Lepas tu tabung haji Lepas tu tanah ATM Lepas tu skandal Scorpene Lepas t…
191,RT @PutraREFORMASI: Tunggu.. Lepas ni skandal felda Lepas tu MARA Lepas tu tabung haji Lepas tu tanah ATM Lepas tu skandal Scorpene Lepas t…
192,RT @PutraREFORMASI: Tunggu.. Lepas ni skandal felda Lepas tu MARA Lepas tu tabung haji Lepas tu tanah ATM Lepas tu skandal Scorpene Lepas t…
193,RT @PutraREFORMASI: Tunggu.. Lepas ni skandal felda Lepas tu MARA Lepas tu tabung haji Lepas tu tanah ATM Lepas tu skandal Scorpene Lepas t…
194,RT @PutraREFORMASI: Tunggu.. Lepas ni skandal felda Lepas tu MARA Lepas tu tabung haji Lepas tu tanah ATM Lepas tu skandal Scorpene Lepas t…
195,"RT @HafizRayyan: Pembunuhan Altantuya, Scorpene, MARA, Felda, 1MDB, JhoLow, Rosmah si boros, MH370, MH17, skandal Tabung Haji &amp; many more n…"
196,RT @PutraREFORMASI: Tunggu.. Lepas ni skandal felda Lepas tu MARA Lepas tu tabung haji Lepas tu tanah ATM Lepas tu skandal Scorpene Lepas t…
197,RT @KerajaanRakyat2: Berlakon sakit dan masuk hospital. takut #sprm cekup. Ini org yg sapu duit Tabung Haji. betul2 macam dlm filem Tamil.…
198,RT @PutraREFORMASI: Tunggu.. Lepas ni skandal felda Lepas tu MARA Lepas tu tabung haji Lepas tu tanah ATM Lepas tu skandal Scorpene Lepas t…
199,RT @PutraREFORMASI: Tunggu.. Lepas ni skandal felda Lepas tu MARA Lepas tu tabung haji Lepas tu tanah ATM Lepas tu skandal Scorpene Lepas t…
200,I have 32k in my tabung haji &amp; i cant touch none of it.....im sad
201,"Urusan akhirat (@ Tabung Haji Shah Alam in Shah Alam, Selangor)  "
202,RT @PutraREFORMASI: Tunggu.. Lepas ni skandal felda Lepas tu MARA Lepas tu tabung haji Lepas tu tanah ATM Lepas tu skandal Scorpene Lepas t…
203,RT @PutraREFORMASI: Tunggu.. Lepas ni skandal felda Lepas tu MARA Lepas tu tabung haji Lepas tu tanah ATM Lepas tu skandal Scorpene Lepas t…
204,"RT @azean_hasan: Tu baru 1mdb punya lapuran..belum lagi kwap, tabung haji, mara..felda..siapa sebenarnya memiskinkan melayu,kalau bukan bek…"
205,@GeniusTae Uhhh dont know? Kena set date ke? I just went to tabung haji to tukar acc &amp; register for haji ja
206,Sepol bukhari apa cerrr  
207,RT @PutraREFORMASI: Tunggu.. Lepas ni skandal felda Lepas tu MARA Lepas tu tabung haji Lepas tu tanah ATM Lepas tu skandal Scorpene Lepas t…
208,RT @PutraREFORMASI: Tunggu.. Lepas ni skandal felda Lepas tu MARA Lepas tu tabung haji Lepas tu tanah ATM Lepas tu skandal Scorpene Lepas t…
209,RT @PutraREFORMASI: Tunggu.. Lepas ni skandal felda Lepas tu MARA Lepas tu tabung haji Lepas tu tanah ATM Lepas tu skandal Scorpene Lepas t…
210,RT @PutraREFORMASI: Tunggu.. Lepas ni skandal felda Lepas tu MARA Lepas tu tabung haji Lepas tu tanah ATM Lepas tu skandal Scorpene Lepas t…
211,RT @PutraREFORMASI: Tunggu.. Lepas ni skandal felda Lepas tu MARA Lepas tu tabung haji Lepas tu tanah ATM Lepas tu skandal Scorpene Lepas t…
212,RT @PutraREFORMASI: Tunggu.. Lepas ni skandal felda Lepas tu MARA Lepas tu tabung haji Lepas tu tanah ATM Lepas tu skandal Scorpene Lepas t…
213,RT @PutraREFORMASI: Tunggu.. Lepas ni skandal felda Lepas tu MARA Lepas tu tabung haji Lepas tu tanah ATM Lepas tu skandal Scorpene Lepas t…
214,RT @PutraREFORMASI: Tunggu.. Lepas ni skandal felda Lepas tu MARA Lepas tu tabung haji Lepas tu tanah ATM Lepas tu skandal Scorpene Lepas t…
215,RT @PutraREFORMASI: Tunggu.. Lepas ni skandal felda Lepas tu MARA Lepas tu tabung haji Lepas tu tanah ATM Lepas tu skandal Scorpene Lepas t…
216,RT @PutraREFORMASI: Tunggu.. Lepas ni skandal felda Lepas tu MARA Lepas tu tabung haji Lepas tu tanah ATM Lepas tu skandal Scorpene Lepas t…
217,RT @PutraREFORMASI: Tunggu.. Lepas ni skandal felda Lepas tu MARA Lepas tu tabung haji Lepas tu tanah ATM Lepas tu skandal Scorpene Lepas t…
218,RT @PutraREFORMASI: Tunggu.. Lepas ni skandal felda Lepas tu MARA Lepas tu tabung haji Lepas tu tanah ATM Lepas tu skandal Scorpene Lepas t…
219,[Tularkan]   PERHIMPUNAN AMAN AN-NAKBAH DAN KUTUKAN PEMBUNUHAN RAKYAT PALESTIN DI GAZA   Maklumat perhimpunan adala…  
220,RT @PutraREFORMASI: Tunggu.. Lepas ni skandal felda Lepas tu MARA Lepas tu tabung haji Lepas tu tanah ATM Lepas tu skandal Scorpene Lepas t…
221,RT @PutraREFORMASI: Tunggu.. Lepas ni skandal felda Lepas tu MARA Lepas tu tabung haji Lepas tu tanah ATM Lepas tu skandal Scorpene Lepas t…
222,RT @PutraREFORMASI: Tunggu.. Lepas ni skandal felda Lepas tu MARA Lepas tu tabung haji Lepas tu tanah ATM Lepas tu skandal Scorpene Lepas t…
223,RT @PutraREFORMASI: Tunggu.. Lepas ni skandal felda Lepas tu MARA Lepas tu tabung haji Lepas tu tanah ATM Lepas tu skandal Scorpene Lepas t…
224,Hey what im happy rn is that my mom let me hold my own tabung haji book!!
225,RT @PutraREFORMASI: Tunggu.. Lepas ni skandal felda Lepas tu MARA Lepas tu tabung haji Lepas tu tanah ATM Lepas tu skandal Scorpene Lepas t…
226,RT @PutraREFORMASI: Tunggu.. Lepas ni skandal felda Lepas tu MARA Lepas tu tabung haji Lepas tu tanah ATM Lepas tu skandal Scorpene Lepas t…
227,RT @PutraREFORMASI: Tunggu.. Lepas ni skandal felda Lepas tu MARA Lepas tu tabung haji Lepas tu tanah ATM Lepas tu skandal Scorpene Lepas t…
228,RT @PutraREFORMASI: Tunggu.. Lepas ni skandal felda Lepas tu MARA Lepas tu tabung haji Lepas tu tanah ATM Lepas tu skandal Scorpene Lepas t…
229,RT @PutraREFORMASI: Tunggu.. Lepas ni skandal felda Lepas tu MARA Lepas tu tabung haji Lepas tu tanah ATM Lepas tu skandal Scorpene Lepas t…
230,And many moreeeee.  . Cant wait  
231,RT @PutraREFORMASI: Tunggu.. Lepas ni skandal felda Lepas tu MARA Lepas tu tabung haji Lepas tu tanah ATM Lepas tu skandal Scorpene Lepas t…
232,RT @PutraREFORMASI: Tunggu.. Lepas ni skandal felda Lepas tu MARA Lepas tu tabung haji Lepas tu tanah ATM Lepas tu skandal Scorpene Lepas t…
233,RT @PutraREFORMASI: Tunggu.. Lepas ni skandal felda Lepas tu MARA Lepas tu tabung haji Lepas tu tanah ATM Lepas tu skandal Scorpene Lepas t…
234,RT @PutraREFORMASI: Tunggu.. Lepas ni skandal felda Lepas tu MARA Lepas tu tabung haji Lepas tu tanah ATM Lepas tu skandal Scorpene Lepas t…
235,RT @PutraREFORMASI: Tunggu.. Lepas ni skandal felda Lepas tu MARA Lepas tu tabung haji Lepas tu tanah ATM Lepas tu skandal Scorpene Lepas t…
236,RT @PutraREFORMASI: Tunggu.. Lepas ni skandal felda Lepas tu MARA Lepas tu tabung haji Lepas tu tanah ATM Lepas tu skandal Scorpene Lepas t…
237,ADei tambi Poorah!  Kalau berlakon masyaAllah hebat  
238,RT @PutraREFORMASI: Tunggu.. Lepas ni skandal felda Lepas tu MARA Lepas tu tabung haji Lepas tu tanah ATM Lepas tu skandal Scorpene Lepas t…
239,"RT @HafizRayyan: Pembunuhan Altantuya, Scorpene, MARA, Felda, 1MDB, JhoLow, Rosmah si boros, MH370, MH17, skandal Tabung Haji &amp; many more n…"
240,RT @PutraREFORMASI: Tunggu.. Lepas ni skandal felda Lepas tu MARA Lepas tu tabung haji Lepas tu tanah ATM Lepas tu skandal Scorpene Lepas t…
241,RT @PutraREFORMASI: Tunggu.. Lepas ni skandal felda Lepas tu MARA Lepas tu tabung haji Lepas tu tanah ATM Lepas tu skandal Scorpene Lepas t…
242,RT @PutraREFORMASI: Tunggu.. Lepas ni skandal felda Lepas tu MARA Lepas tu tabung haji Lepas tu tanah ATM Lepas tu skandal Scorpene Lepas t…
243,RT @PutraREFORMASI: Tunggu.. Lepas ni skandal felda Lepas tu MARA Lepas tu tabung haji Lepas tu tanah ATM Lepas tu skandal Scorpene Lepas t…
244,RT @PutraREFORMASI: Tunggu.. Lepas ni skandal felda Lepas tu MARA Lepas tu tabung haji Lepas tu tanah ATM Lepas tu skandal Scorpene Lepas t…
245,"Bru masuk (@ Bangunan Tabung Haji in Kuala Lumpur, WP Kuala Lumpur)  "
246,RT @PutraREFORMASI: Tunggu.. Lepas ni skandal felda Lepas tu MARA Lepas tu tabung haji Lepas tu tanah ATM Lepas tu skandal Scorpene Lepas t…
247,Tak sabar aku nak bagitahu kat nenek aku yg melayu sendiri buat melayu  
248,RT @PutraREFORMASI: Tunggu.. Lepas ni skandal felda Lepas tu MARA Lepas tu tabung haji Lepas tu tanah ATM Lepas tu skandal Scorpene Lepas t…
249,RT @PutraREFORMASI: Tunggu.. Lepas ni skandal felda Lepas tu MARA Lepas tu tabung haji Lepas tu tanah ATM Lepas tu skandal Scorpene Lepas t…
250,RT @PutraREFORMASI: Tunggu.. Lepas ni skandal felda Lepas tu MARA Lepas tu tabung haji Lepas tu tanah ATM Lepas tu skandal Scorpene Lepas t…
251,"RT @ascmyofficial: ‼️FSKM STUDENTS who are interested  to OPEN TABUNG HAJI ACCOUNT, the details are as follows:‼️  DATE: 16th May 2018 (Tod…"
252,RT @PutraREFORMASI: Tunggu.. Lepas ni skandal felda Lepas tu MARA Lepas tu tabung haji Lepas tu tanah ATM Lepas tu skandal Scorpene Lepas t…
253,RT @PutraREFORMASI: Tunggu.. Lepas ni skandal felda Lepas tu MARA Lepas tu tabung haji Lepas tu tanah ATM Lepas tu skandal Scorpene Lepas t…
254,RT @PutraREFORMASI: Tunggu.. Lepas ni skandal felda Lepas tu MARA Lepas tu tabung haji Lepas tu tanah ATM Lepas tu skandal Scorpene Lepas t…
255,RT @PutraREFORMASI: Tunggu.. Lepas ni skandal felda Lepas tu MARA Lepas tu tabung haji Lepas tu tanah ATM Lepas tu skandal Scorpene Lepas t…
256,RT @PutraREFORMASI: Tunggu.. Lepas ni skandal felda Lepas tu MARA Lepas tu tabung haji Lepas tu tanah ATM Lepas tu skandal Scorpene Lepas t…
257,RT @PutraREFORMASI: Tunggu.. Lepas ni skandal felda Lepas tu MARA Lepas tu tabung haji Lepas tu tanah ATM Lepas tu skandal Scorpene Lepas t…
258,RT @PutraREFORMASI: Tunggu.. Lepas ni skandal felda Lepas tu MARA Lepas tu tabung haji Lepas tu tanah ATM Lepas tu skandal Scorpene Lepas t…
259,RT @PutraREFORMASI: Tunggu.. Lepas ni skandal felda Lepas tu MARA Lepas tu tabung haji Lepas tu tanah ATM Lepas tu skandal Scorpene Lepas t…
260,RT @PutraREFORMASI: Tunggu.. Lepas ni skandal felda Lepas tu MARA Lepas tu tabung haji Lepas tu tanah ATM Lepas tu skandal Scorpene Lepas t…
261,RT @PutraREFORMASI: Tunggu.. Lepas ni skandal felda Lepas tu MARA Lepas tu tabung haji Lepas tu tanah ATM Lepas tu skandal Scorpene Lepas t…
262,RT @PutraREFORMASI: Tunggu.. Lepas ni skandal felda Lepas tu MARA Lepas tu tabung haji Lepas tu tanah ATM Lepas tu skandal Scorpene Lepas t…
263,RT @PutraREFORMASI: Tunggu.. Lepas ni skandal felda Lepas tu MARA Lepas tu tabung haji Lepas tu tanah ATM Lepas tu skandal Scorpene Lepas t…
264,RT @PutraREFORMASI: Tunggu.. Lepas ni skandal felda Lepas tu MARA Lepas tu tabung haji Lepas tu tanah ATM Lepas tu skandal Scorpene Lepas t…
265,RT @PutraREFORMASI: Tunggu.. Lepas ni skandal felda Lepas tu MARA Lepas tu tabung haji Lepas tu tanah ATM Lepas tu skandal Scorpene Lepas t…
266,RT @PutraREFORMASI: Tunggu.. Lepas ni skandal felda Lepas tu MARA Lepas tu tabung haji Lepas tu tanah ATM Lepas tu skandal Scorpene Lepas t…
267,RT @PutraREFORMASI: Tunggu.. Lepas ni skandal felda Lepas tu MARA Lepas tu tabung haji Lepas tu tanah ATM Lepas tu skandal Scorpene Lepas t…
268,RT @PutraREFORMASI: Tunggu.. Lepas ni skandal felda Lepas tu MARA Lepas tu tabung haji Lepas tu tanah ATM Lepas tu skandal Scorpene Lepas t…
269,"I'm at Tabung Haji in Seremban, Negeri Sembilan  "
270,RT @PutraREFORMASI: Tunggu.. Lepas ni skandal felda Lepas tu MARA Lepas tu tabung haji Lepas tu tanah ATM Lepas tu skandal Scorpene Lepas t…
271,RT @PutraREFORMASI: Tunggu.. Lepas ni skandal felda Lepas tu MARA Lepas tu tabung haji Lepas tu tanah ATM Lepas tu skandal Scorpene Lepas t…
272,Komodo $KMD is valued at: $2.91   Binance has mobile apps so you can trade anywhere. Sign up!      ➡️…  
273,RT @PutraREFORMASI: Tunggu.. Lepas ni skandal felda Lepas tu MARA Lepas tu tabung haji Lepas tu tanah ATM Lepas tu skandal Scorpene Lepas t…
274,RT @PutraREFORMASI: Tunggu.. Lepas ni skandal felda Lepas tu MARA Lepas tu tabung haji Lepas tu tanah ATM Lepas tu skandal Scorpene Lepas t…
275,RT @PutraREFORMASI: Tunggu.. Lepas ni skandal felda Lepas tu MARA Lepas tu tabung haji Lepas tu tanah ATM Lepas tu skandal Scorpene Lepas t…
276,Boleh tak jgn libatkan PAS. PAS parti suci kau apa tau. Haha.  
277,RT @PutraREFORMASI: Tunggu.. Lepas ni skandal felda Lepas tu MARA Lepas tu tabung haji Lepas tu tanah ATM Lepas tu skandal Scorpene Lepas t…
278,Ramadhan kareem (@ Surau Lobby Tabung Haji)  
279,RT @PutraREFORMASI: Tunggu.. Lepas ni skandal felda Lepas tu MARA Lepas tu tabung haji Lepas tu tanah ATM Lepas tu skandal Scorpene Lepas t…
280,"@NST_Online @anwaribrahim Can't we have like one day off, no surprise news..we have long case like felda, lembu and…  "
281,RT @PutraREFORMASI: Tunggu.. Lepas ni skandal felda Lepas tu MARA Lepas tu tabung haji Lepas tu tanah ATM Lepas tu skandal Scorpene Lepas t…
282,RT @PutraREFORMASI: Tunggu.. Lepas ni skandal felda Lepas tu MARA Lepas tu tabung haji Lepas tu tanah ATM Lepas tu skandal Scorpene Lepas t…
283,"RT @kukhayal29: @armanamin330 @Myazara123 Awal lagi, tggu nanti Felda dan Tabung Haji punya sekali, jgn ada yg pengsan sudah..."
284,"RT @anafauzana1: @NST_Online @anwaribrahim Can't we have like one day off, no surprise news..we have long case like felda, lembu and tabung…"
285,RT @KerajaanRakyat2: Berlakon sakit dan masuk hospital. takut #sprm cekup. Ini org yg sapu duit Tabung Haji. betul2 macam dlm filem Tamil.…
286,RT @PutraREFORMASI: Tunggu.. Lepas ni skandal felda Lepas tu MARA Lepas tu tabung haji Lepas tu tanah ATM Lepas tu skandal Scorpene Lepas t…
287,RT @KerajaanRakyat2: Berlakon sakit dan masuk hospital. takut #sprm cekup. Ini org yg sapu duit Tabung Haji. betul2 macam dlm filem Tamil.…
288,"RT @anafauzana1: @NST_Online @anwaribrahim Can't we have like one day off, no surprise news..we have long case like felda, lembu and tabung…"
289,RT @PutraREFORMASI: Tunggu.. Lepas ni skandal felda Lepas tu MARA Lepas tu tabung haji Lepas tu tanah ATM Lepas tu skandal Scorpene Lepas t…
290,@AntiBarisan @va_dig @ismet_ulam @waffyauz @morasaki12 @mimimarinajaaf1 @RameshRaoAKS @BetterNation3 @VA_D0J…  
291,"RT @HafizRayyan: Pembunuhan Altantuya, Scorpene, MARA, Felda, 1MDB, JhoLow, Rosmah si boros, MH370, MH17, skandal Tabung Haji &amp; many more n…"
292,RT @PutraREFORMASI: Tunggu.. Lepas ni skandal felda Lepas tu MARA Lepas tu tabung haji Lepas tu tanah ATM Lepas tu skandal Scorpene Lepas t…
293,"RT @azean_hasan: Tu baru 1mdb punya lapuran..belum lagi kwap, tabung haji, mara..felda..siapa sebenarnya memiskinkan melayu,kalau bukan bek…"
294,"RT @anafauzana1: @NST_Online @anwaribrahim Can't we have like one day off, no surprise news..we have long case like felda, lembu and tabung…"
295,RT @PutraREFORMASI: Tunggu.. Lepas ni skandal felda Lepas tu MARA Lepas tu tabung haji Lepas tu tanah ATM Lepas tu skandal Scorpene Lepas t…
296,RT @PutraREFORMASI: Tunggu.. Lepas ni skandal felda Lepas tu MARA Lepas tu tabung haji Lepas tu tanah ATM Lepas tu skandal Scorpene Lepas t…
297,RT @PutraREFORMASI: Tunggu.. Lepas ni skandal felda Lepas tu MARA Lepas tu tabung haji Lepas tu tanah ATM Lepas tu skandal Scorpene Lepas t…
298,RT @PutraREFORMASI: Tunggu.. Lepas ni skandal felda Lepas tu MARA Lepas tu tabung haji Lepas tu tanah ATM Lepas tu skandal Scorpene Lepas t…
299,RT @PutraREFORMASI: Tunggu.. Lepas ni skandal felda Lepas tu MARA Lepas tu tabung haji Lepas tu tanah ATM Lepas tu skandal Scorpene Lepas t…
300,RT @PutraREFORMASI: Tunggu.. Lepas ni skandal felda Lepas tu MARA Lepas tu tabung haji Lepas tu tanah ATM Lepas tu skandal Scorpene Lepas t…
301,RT @PutraREFORMASI: Tunggu.. Lepas ni skandal felda Lepas tu MARA Lepas tu tabung haji Lepas tu tanah ATM Lepas tu skandal Scorpene Lepas t…
302,RT @PutraREFORMASI: Tunggu.. Lepas ni skandal felda Lepas tu MARA Lepas tu tabung haji Lepas tu tanah ATM Lepas tu skandal Scorpene Lepas t…
303,RT @PutraREFORMASI: Tunggu.. Lepas ni skandal felda Lepas tu MARA Lepas tu tabung haji Lepas tu tanah ATM Lepas tu skandal Scorpene Lepas t…
304,RT @PutraREFORMASI: Tunggu.. Lepas ni skandal felda Lepas tu MARA Lepas tu tabung haji Lepas tu tanah ATM Lepas tu skandal Scorpene Lepas t…
305,RT @PutraREFORMASI: Tunggu.. Lepas ni skandal felda Lepas tu MARA Lepas tu tabung haji Lepas tu tanah ATM Lepas tu skandal Scorpene Lepas t…
306,"RT @HafizRayyan: Pembunuhan Altantuya, Scorpene, MARA, Felda, 1MDB, JhoLow, Rosmah si boros, MH370, MH17, skandal Tabung Haji &amp; many more n…"
307,RT @PutraREFORMASI: Tunggu.. Lepas ni skandal felda Lepas tu MARA Lepas tu tabung haji Lepas tu tanah ATM Lepas tu skandal Scorpene Lepas t…
308,RT @PutraREFORMASI: Tunggu.. Lepas ni skandal felda Lepas tu MARA Lepas tu tabung haji Lepas tu tanah ATM Lepas tu skandal Scorpene Lepas t…
309,RT @PutraREFORMASI: Tunggu.. Lepas ni skandal felda Lepas tu MARA Lepas tu tabung haji Lepas tu tanah ATM Lepas tu skandal Scorpene Lepas t…
310,Can't wait for PAS  
311,RT @PutraREFORMASI: Tunggu.. Lepas ni skandal felda Lepas tu MARA Lepas tu tabung haji Lepas tu tanah ATM Lepas tu skandal Scorpene Lepas t…
312,RT @PutraREFORMASI: Tunggu.. Lepas ni skandal felda Lepas tu MARA Lepas tu tabung haji Lepas tu tanah ATM Lepas tu skandal Scorpene Lepas t…
313,RT @PutraREFORMASI: Tunggu.. Lepas ni skandal felda Lepas tu MARA Lepas tu tabung haji Lepas tu tanah ATM Lepas tu skandal Scorpene Lepas t…
314,RT @PutraREFORMASI: Tunggu.. Lepas ni skandal felda Lepas tu MARA Lepas tu tabung haji Lepas tu tanah ATM Lepas tu skandal Scorpene Lepas t…
315,"RT @theta360dev: THETA V plug-ins showcased at VRLA! Similar development environment as an Android mobile phone, useful docs and SDK with s…"
316,RT @PutraREFORMASI: Tunggu.. Lepas ni skandal felda Lepas tu MARA Lepas tu tabung haji Lepas tu tanah ATM Lepas tu skandal Scorpene Lepas t…
317,RT @PutraREFORMASI: Tunggu.. Lepas ni skandal felda Lepas tu MARA Lepas tu tabung haji Lepas tu tanah ATM Lepas tu skandal Scorpene Lepas t…
318,RT @PutraREFORMASI: Tunggu.. Lepas ni skandal felda Lepas tu MARA Lepas tu tabung haji Lepas tu tanah ATM Lepas tu skandal Scorpene Lepas t…
319,"RT @azean_hasan: Tu baru 1mdb punya lapuran..belum lagi kwap, tabung haji, mara..felda..siapa sebenarnya memiskinkan melayu,kalau bukan bek…"
320,RT @PutraREFORMASI: Tunggu.. Lepas ni skandal felda Lepas tu MARA Lepas tu tabung haji Lepas tu tanah ATM Lepas tu skandal Scorpene Lepas t…
321,"RT @anafauzana1: @NST_Online @anwaribrahim Can't we have like one day off, no surprise news..we have long case like felda, lembu and tabung…"
322,"RT @HafizRayyan: Pembunuhan Altantuya, Scorpene, MARA, Felda, 1MDB, JhoLow, Rosmah si boros, MH370, MH17, skandal Tabung Haji &amp; many more n…"
323,RT @PutraREFORMASI: Tunggu.. Lepas ni skandal felda Lepas tu MARA Lepas tu tabung haji Lepas tu tanah ATM Lepas tu skandal Scorpene Lepas t…
324,RT @PutraREFORMASI: Tunggu.. Lepas ni skandal felda Lepas tu MARA Lepas tu tabung haji Lepas tu tanah ATM Lepas tu skandal Scorpene Lepas t…
325,RT @PutraREFORMASI: Tunggu.. Lepas ni skandal felda Lepas tu MARA Lepas tu tabung haji Lepas tu tanah ATM Lepas tu skandal Scorpene Lepas t…
326,RT @PutraREFORMASI: Tunggu.. Lepas ni skandal felda Lepas tu MARA Lepas tu tabung haji Lepas tu tanah ATM Lepas tu skandal Scorpene Lepas t…
327,RT @PutraREFORMASI: Tunggu.. Lepas ni skandal felda Lepas tu MARA Lepas tu tabung haji Lepas tu tanah ATM Lepas tu skandal Scorpene Lepas t…
328,RT @PutraREFORMASI: Tunggu.. Lepas ni skandal felda Lepas tu MARA Lepas tu tabung haji Lepas tu tanah ATM Lepas tu skandal Scorpene Lepas t…
329,"RT @anafauzana1: @NST_Online @anwaribrahim Can't we have like one day off, no surprise news..we have long case like felda, lembu and tabung…"
330,RT @PutraREFORMASI: Tunggu.. Lepas ni skandal felda Lepas tu MARA Lepas tu tabung haji Lepas tu tanah ATM Lepas tu skandal Scorpene Lepas t…
331,RT @PutraREFORMASI: Tunggu.. Lepas ni skandal felda Lepas tu MARA Lepas tu tabung haji Lepas tu tanah ATM Lepas tu skandal Scorpene Lepas t…
332,"haa bagus jugakk hotel nih sediakan makanan untuk sahur esok (@ Hotel Tabung Haji in Bayan Lepas, Penang)  "
333,RT @PutraREFORMASI: Tunggu.. Lepas ni skandal felda Lepas tu MARA Lepas tu tabung haji Lepas tu tanah ATM Lepas tu skandal Scorpene Lepas t…
334,RT @PutraREFORMASI: Tunggu.. Lepas ni skandal felda Lepas tu MARA Lepas tu tabung haji Lepas tu tanah ATM Lepas tu skandal Scorpene Lepas t…
335,RT @PutraREFORMASI: Tunggu.. Lepas ni skandal felda Lepas tu MARA Lepas tu tabung haji Lepas tu tanah ATM Lepas tu skandal Scorpene Lepas t…
336,RT @PutraREFORMASI: Tunggu.. Lepas ni skandal felda Lepas tu MARA Lepas tu tabung haji Lepas tu tanah ATM Lepas tu skandal Scorpene Lepas t…
337,RT @PutraREFORMASI: Tunggu.. Lepas ni skandal felda Lepas tu MARA Lepas tu tabung haji Lepas tu tanah ATM Lepas tu skandal Scorpene Lepas t…
338,RT @PutraREFORMASI: Tunggu.. Lepas ni skandal felda Lepas tu MARA Lepas tu tabung haji Lepas tu tanah ATM Lepas tu skandal Scorpene Lepas t…
339,RT @PutraREFORMASI: Tunggu.. Lepas ni skandal felda Lepas tu MARA Lepas tu tabung haji Lepas tu tanah ATM Lepas tu skandal Scorpene Lepas t…
340,RT @PutraREFORMASI: Tunggu.. Lepas ni skandal felda Lepas tu MARA Lepas tu tabung haji Lepas tu tanah ATM Lepas tu skandal Scorpene Lepas t…
341,RT @PutraREFORMASI: Tunggu.. Lepas ni skandal felda Lepas tu MARA Lepas tu tabung haji Lepas tu tanah ATM Lepas tu skandal Scorpene Lepas t…
342,RT @PutraREFORMASI: Tunggu.. Lepas ni skandal felda Lepas tu MARA Lepas tu tabung haji Lepas tu tanah ATM Lepas tu skandal Scorpene Lepas t…
343,RT @KerajaanRakyat2: Berlakon sakit dan masuk hospital. takut #sprm cekup. Ini org yg sapu duit Tabung Haji. betul2 macam dlm filem Tamil.…
344,RT @PutraREFORMASI: Tunggu.. Lepas ni skandal felda Lepas tu MARA Lepas tu tabung haji Lepas tu tanah ATM Lepas tu skandal Scorpene Lepas t…
345,RT @PutraREFORMASI: Tunggu.. Lepas ni skandal felda Lepas tu MARA Lepas tu tabung haji Lepas tu tanah ATM Lepas tu skandal Scorpene Lepas t…
346,RT @PutraREFORMASI: Tunggu.. Lepas ni skandal felda Lepas tu MARA Lepas tu tabung haji Lepas tu tanah ATM Lepas tu skandal Scorpene Lepas t…
347,RT @PutraREFORMASI: Tunggu.. Lepas ni skandal felda Lepas tu MARA Lepas tu tabung haji Lepas tu tanah ATM Lepas tu skandal Scorpene Lepas t…
348,RT @PutraREFORMASI: Tunggu.. Lepas ni skandal felda Lepas tu MARA Lepas tu tabung haji Lepas tu tanah ATM Lepas tu skandal Scorpene Lepas t…
349,RT @PutraREFORMASI: Tunggu.. Lepas ni skandal felda Lepas tu MARA Lepas tu tabung haji Lepas tu tanah ATM Lepas tu skandal Scorpene Lepas t…
350,RT @PutraREFORMASI: Tunggu.. Lepas ni skandal felda Lepas tu MARA Lepas tu tabung haji Lepas tu tanah ATM Lepas tu skandal Scorpene Lepas t…
351,RT @PutraREFORMASI: Tunggu.. Lepas ni skandal felda Lepas tu MARA Lepas tu tabung haji Lepas tu tanah ATM Lepas tu skandal Scorpene Lepas t…
352,RT @PutraREFORMASI: Tunggu.. Lepas ni skandal felda Lepas tu MARA Lepas tu tabung haji Lepas tu tanah ATM Lepas tu skandal Scorpene Lepas t…
353,RT @PutraREFORMASI: Tunggu.. Lepas ni skandal felda Lepas tu MARA Lepas tu tabung haji Lepas tu tanah ATM Lepas tu skandal Scorpene Lepas t…
354,RT @PutraREFORMASI: Tunggu.. Lepas ni skandal felda Lepas tu MARA Lepas tu tabung haji Lepas tu tanah ATM Lepas tu skandal Scorpene Lepas t…
355,RT @PutraREFORMASI: Tunggu.. Lepas ni skandal felda Lepas tu MARA Lepas tu tabung haji Lepas tu tanah ATM Lepas tu skandal Scorpene Lepas t…
356,RT @PutraREFORMASI: Tunggu.. Lepas ni skandal felda Lepas tu MARA Lepas tu tabung haji Lepas tu tanah ATM Lepas tu skandal Scorpene Lepas t…
357,RT @PutraREFORMASI: Tunggu.. Lepas ni skandal felda Lepas tu MARA Lepas tu tabung haji Lepas tu tanah ATM Lepas tu skandal Scorpene Lepas t…
358,RT @PutraREFORMASI: Tunggu.. Lepas ni skandal felda Lepas tu MARA Lepas tu tabung haji Lepas tu tanah ATM Lepas tu skandal Scorpene Lepas t…
359,RT @PutraREFORMASI: Tunggu.. Lepas ni skandal felda Lepas tu MARA Lepas tu tabung haji Lepas tu tanah ATM Lepas tu skandal Scorpene Lepas t…
360,RT @PutraREFORMASI: Tunggu.. Lepas ni skandal felda Lepas tu MARA Lepas tu tabung haji Lepas tu tanah ATM Lepas tu skandal Scorpene Lepas t…
361,RT @PutraREFORMASI: Tunggu.. Lepas ni skandal felda Lepas tu MARA Lepas tu tabung haji Lepas tu tanah ATM Lepas tu skandal Scorpene Lepas t…
362,RT @PutraREFORMASI: Tunggu.. Lepas ni skandal felda Lepas tu MARA Lepas tu tabung haji Lepas tu tanah ATM Lepas tu skandal Scorpene Lepas t…
363,RT @PutraREFORMASI: Tunggu.. Lepas ni skandal felda Lepas tu MARA Lepas tu tabung haji Lepas tu tanah ATM Lepas tu skandal Scorpene Lepas t…
364,RT @PutraREFORMASI: Tunggu.. Lepas ni skandal felda Lepas tu MARA Lepas tu tabung haji Lepas tu tanah ATM Lepas tu skandal Scorpene Lepas t…
365,RT @fikriahzry: Lepas settle semua kes ni ... merayu sgt2 angkatlah balik maruah pelajar2 Kolej Vokasional yang selama ni di pandang enteng…
366,RT @PutraREFORMASI: Tunggu.. Lepas ni skandal felda Lepas tu MARA Lepas tu tabung haji Lepas tu tanah ATM Lepas tu skandal Scorpene Lepas t…
367,RT @PutraREFORMASI: Tunggu.. Lepas ni skandal felda Lepas tu MARA Lepas tu tabung haji Lepas tu tanah ATM Lepas tu skandal Scorpene Lepas t…
368,"RT @azean_hasan: Tu baru 1mdb punya lapuran..belum lagi kwap, tabung haji, mara..felda..siapa sebenarnya memiskinkan melayu,kalau bukan bek…"
369,RT @PutraREFORMASI: Tunggu.. Lepas ni skandal felda Lepas tu MARA Lepas tu tabung haji Lepas tu tanah ATM Lepas tu skandal Scorpene Lepas t…
370,RT @PutraREFORMASI: Tunggu.. Lepas ni skandal felda Lepas tu MARA Lepas tu tabung haji Lepas tu tanah ATM Lepas tu skandal Scorpene Lepas t…
371,RT @PutraREFORMASI: Tunggu.. Lepas ni skandal felda Lepas tu MARA Lepas tu tabung haji Lepas tu tanah ATM Lepas tu skandal Scorpene Lepas t…
372,RT @PutraREFORMASI: Tunggu.. Lepas ni skandal felda Lepas tu MARA Lepas tu tabung haji Lepas tu tanah ATM Lepas tu skandal Scorpene Lepas t…
373,RT @PutraREFORMASI: Tunggu.. Lepas ni skandal felda Lepas tu MARA Lepas tu tabung haji Lepas tu tanah ATM Lepas tu skandal Scorpene Lepas t…
374,RT @PutraREFORMASI: Tunggu.. Lepas ni skandal felda Lepas tu MARA Lepas tu tabung haji Lepas tu tanah ATM Lepas tu skandal Scorpene Lepas t…
375,RT @PutraREFORMASI: Tunggu.. Lepas ni skandal felda Lepas tu MARA Lepas tu tabung haji Lepas tu tanah ATM Lepas tu skandal Scorpene Lepas t…
376,"I'm at Tabung Haji in Kuantan, Pahang  "
377,RT @PutraREFORMASI: Tunggu.. Lepas ni skandal felda Lepas tu MARA Lepas tu tabung haji Lepas tu tanah ATM Lepas tu skandal Scorpene Lepas t…
378,"RT @anafauzana1: @NST_Online @anwaribrahim Can't we have like one day off, no surprise news..we have long case like felda, lembu and tabung…"
379,RT @PutraREFORMASI: Tunggu.. Lepas ni skandal felda Lepas tu MARA Lepas tu tabung haji Lepas tu tanah ATM Lepas tu skandal Scorpene Lepas t…
380,RT @PutraREFORMASI: Tunggu.. Lepas ni skandal felda Lepas tu MARA Lepas tu tabung haji Lepas tu tanah ATM Lepas tu skandal Scorpene Lepas t…
381,RT @PutraREFORMASI: Tunggu.. Lepas ni skandal felda Lepas tu MARA Lepas tu tabung haji Lepas tu tanah ATM Lepas tu skandal Scorpene Lepas t…
382,Hahaha....babi!! DSAI yg sakit boleh ja masuk penjara! Tiada alasan! Tangkap budak hitam ini!!  
383,RT @KerajaanRakyat2: Berlakon sakit dan masuk hospital. takut #sprm cekup. Ini org yg sapu duit Tabung Haji. betul2 macam dlm filem Tamil.…
384,RT @KerajaanRakyat2: Berlakon sakit dan masuk hospital. takut #sprm cekup. Ini org yg sapu duit Tabung Haji. betul2 macam dlm filem Tamil.…
385,RT @PutraREFORMASI: Tunggu.. Lepas ni skandal felda Lepas tu MARA Lepas tu tabung haji Lepas tu tanah ATM Lepas tu skandal Scorpene Lepas t…
386,RT @PutraREFORMASI: Tunggu.. Lepas ni skandal felda Lepas tu MARA Lepas tu tabung haji Lepas tu tanah ATM Lepas tu skandal Scorpene Lepas t…
387,Lepas tu MACAI UMNO BN dulu yang kutuk kutuk ni elok meringkuk  
388,RT @PutraREFORMASI: Tunggu.. Lepas ni skandal felda Lepas tu MARA Lepas tu tabung haji Lepas tu tanah ATM Lepas tu skandal Scorpene Lepas t…
389,RT @PutraREFORMASI: Tunggu.. Lepas ni skandal felda Lepas tu MARA Lepas tu tabung haji Lepas tu tanah ATM Lepas tu skandal Scorpene Lepas t…
390,RT @PutraREFORMASI: Tunggu.. Lepas ni skandal felda Lepas tu MARA Lepas tu tabung haji Lepas tu tanah ATM Lepas tu skandal Scorpene Lepas t…
391,RT @PutraREFORMASI: Tunggu.. Lepas ni skandal felda Lepas tu MARA Lepas tu tabung haji Lepas tu tanah ATM Lepas tu skandal Scorpene Lepas t…
392,RT @PutraREFORMASI: Tunggu.. Lepas ni skandal felda Lepas tu MARA Lepas tu tabung haji Lepas tu tanah ATM Lepas tu skandal Scorpene Lepas t…
393,RT @PutraREFORMASI: Tunggu.. Lepas ni skandal felda Lepas tu MARA Lepas tu tabung haji Lepas tu tanah ATM Lepas tu skandal Scorpene Lepas t…
394,"RT @HafizRayyan: Pembunuhan Altantuya, Scorpene, MARA, Felda, 1MDB, JhoLow, Rosmah si boros, MH370, MH17, skandal Tabung Haji &amp; many more n…"
395,RT @PutraREFORMASI: Tunggu.. Lepas ni skandal felda Lepas tu MARA Lepas tu tabung haji Lepas tu tanah ATM Lepas tu skandal Scorpene Lepas t…
396,RT @PutraREFORMASI: Tunggu.. Lepas ni skandal felda Lepas tu MARA Lepas tu tabung haji Lepas tu tanah ATM Lepas tu skandal Scorpene Lepas t…
397,RT @PutraREFORMASI: Tunggu.. Lepas ni skandal felda Lepas tu MARA Lepas tu tabung haji Lepas tu tanah ATM Lepas tu skandal Scorpene Lepas t…
398,RT @PutraREFORMASI: Tunggu.. Lepas ni skandal felda Lepas tu MARA Lepas tu tabung haji Lepas tu tanah ATM Lepas tu skandal Scorpene Lepas t…
399,RT @PutraREFORMASI: Tunggu.. Lepas ni skandal felda Lepas tu MARA Lepas tu tabung haji Lepas tu tanah ATM Lepas tu skandal Scorpene Lepas t…
400,RT @PutraREFORMASI: Tunggu.. Lepas ni skandal felda Lepas tu MARA Lepas tu tabung haji Lepas tu tanah ATM Lepas tu skandal Scorpene Lepas t…
401,RT @PutraREFORMASI: Tunggu.. Lepas ni skandal felda Lepas tu MARA Lepas tu tabung haji Lepas tu tanah ATM Lepas tu skandal Scorpene Lepas t…
402,RT @PutraREFORMASI: Tunggu.. Lepas ni skandal felda Lepas tu MARA Lepas tu tabung haji Lepas tu tanah ATM Lepas tu skandal Scorpene Lepas t…
403,"RT @TheUsopIbrahim: Cuba bayangkan najib dan proksi terbukti terlibat dgn pembunuhan altantuya, tangkap org tak bersalah, songlap 2.6bil, s…"
404,RT @PutraREFORMASI: Tunggu.. Lepas ni skandal felda Lepas tu MARA Lepas tu tabung haji Lepas tu tanah ATM Lepas tu skandal Scorpene Lepas t…
405,RT @PutraREFORMASI: Tunggu.. Lepas ni skandal felda Lepas tu MARA Lepas tu tabung haji Lepas tu tanah ATM Lepas tu skandal Scorpene Lepas t…
406,RT @PutraREFORMASI: Tunggu.. Lepas ni skandal felda Lepas tu MARA Lepas tu tabung haji Lepas tu tanah ATM Lepas tu skandal Scorpene Lepas t…
407,RT @PutraREFORMASI: Tunggu.. Lepas ni skandal felda Lepas tu MARA Lepas tu tabung haji Lepas tu tanah ATM Lepas tu skandal Scorpene Lepas t…
408,RT @PutraREFORMASI: Tunggu.. Lepas ni skandal felda Lepas tu MARA Lepas tu tabung haji Lepas tu tanah ATM Lepas tu skandal Scorpene Lepas t…
409,RT @PutraREFORMASI: Tunggu.. Lepas ni skandal felda Lepas tu MARA Lepas tu tabung haji Lepas tu tanah ATM Lepas tu skandal Scorpene Lepas t…
410,RT @PutraREFORMASI: Tunggu.. Lepas ni skandal felda Lepas tu MARA Lepas tu tabung haji Lepas tu tanah ATM Lepas tu skandal Scorpene Lepas t…
411,RT @PutraREFORMASI: Tunggu.. Lepas ni skandal felda Lepas tu MARA Lepas tu tabung haji Lepas tu tanah ATM Lepas tu skandal Scorpene Lepas t…
412,RT @PutraREFORMASI: Tunggu.. Lepas ni skandal felda Lepas tu MARA Lepas tu tabung haji Lepas tu tanah ATM Lepas tu skandal Scorpene Lepas t…
413,RT @PutraREFORMASI: Tunggu.. Lepas ni skandal felda Lepas tu MARA Lepas tu tabung haji Lepas tu tanah ATM Lepas tu skandal Scorpene Lepas t…
414,RT @PutraREFORMASI: Tunggu.. Lepas ni skandal felda Lepas tu MARA Lepas tu tabung haji Lepas tu tanah ATM Lepas tu skandal Scorpene Lepas t…
415,RT @PutraREFORMASI: Tunggu.. Lepas ni skandal felda Lepas tu MARA Lepas tu tabung haji Lepas tu tanah ATM Lepas tu skandal Scorpene Lepas t…
416,RT @PutraREFORMASI: Tunggu.. Lepas ni skandal felda Lepas tu MARA Lepas tu tabung haji Lepas tu tanah ATM Lepas tu skandal Scorpene Lepas t…
417,RT @PutraREFORMASI: Tunggu.. Lepas ni skandal felda Lepas tu MARA Lepas tu tabung haji Lepas tu tanah ATM Lepas tu skandal Scorpene Lepas t…
418,RT @PutraREFORMASI: Tunggu.. Lepas ni skandal felda Lepas tu MARA Lepas tu tabung haji Lepas tu tanah ATM Lepas tu skandal Scorpene Lepas t…
419,RT @PutraREFORMASI: Tunggu.. Lepas ni skandal felda Lepas tu MARA Lepas tu tabung haji Lepas tu tanah ATM Lepas tu skandal Scorpene Lepas t…
420,RT @PutraREFORMASI: Tunggu.. Lepas ni skandal felda Lepas tu MARA Lepas tu tabung haji Lepas tu tanah ATM Lepas tu skandal Scorpene Lepas t…
421,RT @PutraREFORMASI: Tunggu.. Lepas ni skandal felda Lepas tu MARA Lepas tu tabung haji Lepas tu tanah ATM Lepas tu skandal Scorpene Lepas t…
422,RT @PutraREFORMASI: Tunggu.. Lepas ni skandal felda Lepas tu MARA Lepas tu tabung haji Lepas tu tanah ATM Lepas tu skandal Scorpene Lepas t…
423,RT @PutraREFORMASI: Tunggu.. Lepas ni skandal felda Lepas tu MARA Lepas tu tabung haji Lepas tu tanah ATM Lepas tu skandal Scorpene Lepas t…
424,RT @PutraREFORMASI: Tunggu.. Lepas ni skandal felda Lepas tu MARA Lepas tu tabung haji Lepas tu tanah ATM Lepas tu skandal Scorpene Lepas t…
425,Biaq aku dok siasat kes tabung haji nih   
426,RT @PutraREFORMASI: Tunggu.. Lepas ni skandal felda Lepas tu MARA Lepas tu tabung haji Lepas tu tanah ATM Lepas tu skandal Scorpene Lepas t…
427,RT @PutraREFORMASI: Tunggu.. Lepas ni skandal felda Lepas tu MARA Lepas tu tabung haji Lepas tu tanah ATM Lepas tu skandal Scorpene Lepas t…
428,RT @PutraREFORMASI: Tunggu.. Lepas ni skandal felda Lepas tu MARA Lepas tu tabung haji Lepas tu tanah ATM Lepas tu skandal Scorpene Lepas t…
429,RT @PutraREFORMASI: Tunggu.. Lepas ni skandal felda Lepas tu MARA Lepas tu tabung haji Lepas tu tanah ATM Lepas tu skandal Scorpene Lepas t…
430,RT @PutraREFORMASI: Tunggu.. Lepas ni skandal felda Lepas tu MARA Lepas tu tabung haji Lepas tu tanah ATM Lepas tu skandal Scorpene Lepas t…
431,RT @PutraREFORMASI: Tunggu.. Lepas ni skandal felda Lepas tu MARA Lepas tu tabung haji Lepas tu tanah ATM Lepas tu skandal Scorpene Lepas t…
432,RT @PutraREFORMASI: Tunggu.. Lepas ni skandal felda Lepas tu MARA Lepas tu tabung haji Lepas tu tanah ATM Lepas tu skandal Scorpene Lepas t…
433,RT @PutraREFORMASI: Tunggu.. Lepas ni skandal felda Lepas tu MARA Lepas tu tabung haji Lepas tu tanah ATM Lepas tu skandal Scorpene Lepas t…
434,RT @PutraREFORMASI: Tunggu.. Lepas ni skandal felda Lepas tu MARA Lepas tu tabung haji Lepas tu tanah ATM Lepas tu skandal Scorpene Lepas t…
435,RT @PutraREFORMASI: Tunggu.. Lepas ni skandal felda Lepas tu MARA Lepas tu tabung haji Lepas tu tanah ATM Lepas tu skandal Scorpene Lepas t…
436,RT @PutraREFORMASI: Tunggu.. Lepas ni skandal felda Lepas tu MARA Lepas tu tabung haji Lepas tu tanah ATM Lepas tu skandal Scorpene Lepas t…
437,Alloooo Pengerusi Tabung Haji bila nak letak jawatan?
438,RT @PutraREFORMASI: Tunggu.. Lepas ni skandal felda Lepas tu MARA Lepas tu tabung haji Lepas tu tanah ATM Lepas tu skandal Scorpene Lepas t…
439,Pendaftaran Badal Haji (Upah Haji) bagi Musim Haji 1439H/2018M DIBUKA! Antara pelaksana Badal Haji terdiri daripada…  
440,RT @PutraREFORMASI: Tunggu.. Lepas ni skandal felda Lepas tu MARA Lepas tu tabung haji Lepas tu tanah ATM Lepas tu skandal Scorpene Lepas t…
441,RT @PutraREFORMASI: Tunggu.. Lepas ni skandal felda Lepas tu MARA Lepas tu tabung haji Lepas tu tanah ATM Lepas tu skandal Scorpene Lepas t…
442,RT @KerajaanRakyat2: Berlakon sakit dan masuk hospital. takut #sprm cekup. Ini org yg sapu duit Tabung Haji. betul2 macam dlm filem Tamil.…
443,RT @PutraREFORMASI: Tunggu.. Lepas ni skandal felda Lepas tu MARA Lepas tu tabung haji Lepas tu tanah ATM Lepas tu skandal Scorpene Lepas t…
444,RT @PutraREFORMASI: Tunggu.. Lepas ni skandal felda Lepas tu MARA Lepas tu tabung haji Lepas tu tanah ATM Lepas tu skandal Scorpene Lepas t…
445,RT @PutraREFORMASI: Tunggu.. Lepas ni skandal felda Lepas tu MARA Lepas tu tabung haji Lepas tu tanah ATM Lepas tu skandal Scorpene Lepas t…
446,RT @PutraREFORMASI: Tunggu.. Lepas ni skandal felda Lepas tu MARA Lepas tu tabung haji Lepas tu tanah ATM Lepas tu skandal Scorpene Lepas t…
447,"RT @HafizRayyan: Pembunuhan Altantuya, Scorpene, MARA, Felda, 1MDB, JhoLow, Rosmah si boros, MH370, MH17, skandal Tabung Haji &amp; many more n…"
448,RT @PutraREFORMASI: Tunggu.. Lepas ni skandal felda Lepas tu MARA Lepas tu tabung haji Lepas tu tanah ATM Lepas tu skandal Scorpene Lepas t…
449,RT @PutraREFORMASI: Tunggu.. Lepas ni skandal felda Lepas tu MARA Lepas tu tabung haji Lepas tu tanah ATM Lepas tu skandal Scorpene Lepas t…
450,Cousin i ada case dengan tabung haji. May rot in hell lah siapa buat main duit orang nak pergi hajj tu.  
451,RT @PutraREFORMASI: Tunggu.. Lepas ni skandal felda Lepas tu MARA Lepas tu tabung haji Lepas tu tanah ATM Lepas tu skandal Scorpene Lepas t…
452,RT @PutraREFORMASI: Tunggu.. Lepas ni skandal felda Lepas tu MARA Lepas tu tabung haji Lepas tu tanah ATM Lepas tu skandal Scorpene Lepas t…
453,RT @PutraREFORMASI: Tunggu.. Lepas ni skandal felda Lepas tu MARA Lepas tu tabung haji Lepas tu tanah ATM Lepas tu skandal Scorpene Lepas t…
454,"RT @azean_hasan: Tu baru 1mdb punya lapuran..belum lagi kwap, tabung haji, mara..felda..siapa sebenarnya memiskinkan melayu,kalau bukan bek…"
455,RT @PutraREFORMASI: Tunggu.. Lepas ni skandal felda Lepas tu MARA Lepas tu tabung haji Lepas tu tanah ATM Lepas tu skandal Scorpene Lepas t…
456,"RT @azean_hasan: Tu baru 1mdb punya lapuran..belum lagi kwap, tabung haji, mara..felda..siapa sebenarnya memiskinkan melayu,kalau bukan bek…"
457,RT @PutraREFORMASI: Tunggu.. Lepas ni skandal felda Lepas tu MARA Lepas tu tabung haji Lepas tu tanah ATM Lepas tu skandal Scorpene Lepas t…
458,RT @PutraREFORMASI: Tunggu.. Lepas ni skandal felda Lepas tu MARA Lepas tu tabung haji Lepas tu tanah ATM Lepas tu skandal Scorpene Lepas t…
459,"Lembu jangan lupa. Mentang² nak raya, boleh pulak abaikan lembu.  Moga urusan siasatan dipermudahkan. Yang SALAH ki…  "
460,RT @PutraREFORMASI: Tunggu.. Lepas ni skandal felda Lepas tu MARA Lepas tu tabung haji Lepas tu tanah ATM Lepas tu skandal Scorpene Lepas t…
461,RT @PutraREFORMASI: Tunggu.. Lepas ni skandal felda Lepas tu MARA Lepas tu tabung haji Lepas tu tanah ATM Lepas tu skandal Scorpene Lepas t…
462,RT @PutraREFORMASI: Tunggu.. Lepas ni skandal felda Lepas tu MARA Lepas tu tabung haji Lepas tu tanah ATM Lepas tu skandal Scorpene Lepas t…
463,RT @PutraREFORMASI: Tunggu.. Lepas ni skandal felda Lepas tu MARA Lepas tu tabung haji Lepas tu tanah ATM Lepas tu skandal Scorpene Lepas t…
464,"RT @azean_hasan: Tu baru 1mdb punya lapuran..belum lagi kwap, tabung haji, mara..felda..siapa sebenarnya memiskinkan melayu,kalau bukan bek…"
465,"RT @HidupBer1: Ayuh @SPRMMalaysia jalankan kerja dn kewajipan, kamu tiada dikongkong oleh sesiapa lagi ..  "
466,RT @PutraREFORMASI: Tunggu.. Lepas ni skandal felda Lepas tu MARA Lepas tu tabung haji Lepas tu tanah ATM Lepas tu skandal Scorpene Lepas t…
467,RT @PutraREFORMASI: Tunggu.. Lepas ni skandal felda Lepas tu MARA Lepas tu tabung haji Lepas tu tanah ATM Lepas tu skandal Scorpene Lepas t…
468,RT @PutraREFORMASI: Tunggu.. Lepas ni skandal felda Lepas tu MARA Lepas tu tabung haji Lepas tu tanah ATM Lepas tu skandal Scorpene Lepas t…
469,tinggal tabung haji. kalau tabung haji pun aku dah korek parah sgt dahtu. tu patut jadi duit hantaran. hmps
470,RT @PutraREFORMASI: Tunggu.. Lepas ni skandal felda Lepas tu MARA Lepas tu tabung haji Lepas tu tanah ATM Lepas tu skandal Scorpene Lepas t…
471,RT @PutraREFORMASI: Tunggu.. Lepas ni skandal felda Lepas tu MARA Lepas tu tabung haji Lepas tu tanah ATM Lepas tu skandal Scorpene Lepas t…
472,RT @PutraREFORMASI: Tunggu.. Lepas ni skandal felda Lepas tu MARA Lepas tu tabung haji Lepas tu tanah ATM Lepas tu skandal Scorpene Lepas t…
473,RT @KerajaanRakyat2: Berlakon sakit dan masuk hospital. takut #sprm cekup. Ini org yg sapu duit Tabung Haji. betul2 macam dlm filem Tamil.…
474,"RT @azean_hasan: Tu baru 1mdb punya lapuran..belum lagi kwap, tabung haji, mara..felda..siapa sebenarnya memiskinkan melayu,kalau bukan bek…"
475,RT @PutraREFORMASI: Tunggu.. Lepas ni skandal felda Lepas tu MARA Lepas tu tabung haji Lepas tu tanah ATM Lepas tu skandal Scorpene Lepas t…
476,RT @KerajaanRakyat2: Berlakon sakit dan masuk hospital. takut #sprm cekup. Ini org yg sapu duit Tabung Haji. betul2 macam dlm filem Tamil.…
477,RT @PutraREFORMASI: Tunggu.. Lepas ni skandal felda Lepas tu MARA Lepas tu tabung haji Lepas tu tanah ATM Lepas tu skandal Scorpene Lepas t…
478,"RT @azean_hasan: Tu baru 1mdb punya lapuran..belum lagi kwap, tabung haji, mara..felda..siapa sebenarnya memiskinkan melayu,kalau bukan bek…"
479,RT @PutraREFORMASI: Tunggu.. Lepas ni skandal felda Lepas tu MARA Lepas tu tabung haji Lepas tu tanah ATM Lepas tu skandal Scorpene Lepas t…
480,RT @PutraREFORMASI: Tunggu.. Lepas ni skandal felda Lepas tu MARA Lepas tu tabung haji Lepas tu tanah ATM Lepas tu skandal Scorpene Lepas t…
481,RT @PutraREFORMASI: Tunggu.. Lepas ni skandal felda Lepas tu MARA Lepas tu tabung haji Lepas tu tanah ATM Lepas tu skandal Scorpene Lepas t…
482,RT @PutraREFORMASI: Tunggu.. Lepas ni skandal felda Lepas tu MARA Lepas tu tabung haji Lepas tu tanah ATM Lepas tu skandal Scorpene Lepas t…
483,RT @PutraREFORMASI: Tunggu.. Lepas ni skandal felda Lepas tu MARA Lepas tu tabung haji Lepas tu tanah ATM Lepas tu skandal Scorpene Lepas t…
484,RT @PutraREFORMASI: Tunggu.. Lepas ni skandal felda Lepas tu MARA Lepas tu tabung haji Lepas tu tanah ATM Lepas tu skandal Scorpene Lepas t…
485,RT @PutraREFORMASI: Tunggu.. Lepas ni skandal felda Lepas tu MARA Lepas tu tabung haji Lepas tu tanah ATM Lepas tu skandal Scorpene Lepas t…
486,RT @PutraREFORMASI: Tunggu.. Lepas ni skandal felda Lepas tu MARA Lepas tu tabung haji Lepas tu tanah ATM Lepas tu skandal Scorpene Lepas t…
487,"RT @azean_hasan: Tu baru 1mdb punya lapuran..belum lagi kwap, tabung haji, mara..felda..siapa sebenarnya memiskinkan melayu,kalau bukan bek…"
488,RT @PutraREFORMASI: Tunggu.. Lepas ni skandal felda Lepas tu MARA Lepas tu tabung haji Lepas tu tanah ATM Lepas tu skandal Scorpene Lepas t…
489,RT @PutraREFORMASI: Tunggu.. Lepas ni skandal felda Lepas tu MARA Lepas tu tabung haji Lepas tu tanah ATM Lepas tu skandal Scorpene Lepas t…
490,"RT @azean_hasan: Tu baru 1mdb punya lapuran..belum lagi kwap, tabung haji, mara..felda..siapa sebenarnya memiskinkan melayu,kalau bukan bek…"
491,RT @PutraREFORMASI: Tunggu.. Lepas ni skandal felda Lepas tu MARA Lepas tu tabung haji Lepas tu tanah ATM Lepas tu skandal Scorpene Lepas t…
492,RT @PutraREFORMASI: Tunggu.. Lepas ni skandal felda Lepas tu MARA Lepas tu tabung haji Lepas tu tanah ATM Lepas tu skandal Scorpene Lepas t…
493,RT @PutraREFORMASI: Tunggu.. Lepas ni skandal felda Lepas tu MARA Lepas tu tabung haji Lepas tu tanah ATM Lepas tu skandal Scorpene Lepas t…
494,RT @PutraREFORMASI: Tunggu.. Lepas ni skandal felda Lepas tu MARA Lepas tu tabung haji Lepas tu tanah ATM Lepas tu skandal Scorpene Lepas t…
495,RT @PutraREFORMASI: Tunggu.. Lepas ni skandal felda Lepas tu MARA Lepas tu tabung haji Lepas tu tanah ATM Lepas tu skandal Scorpene Lepas t…
496,"RT @azean_hasan: Tu baru 1mdb punya lapuran..belum lagi kwap, tabung haji, mara..felda..siapa sebenarnya memiskinkan melayu,kalau bukan bek…"
497,RT @PutraREFORMASI: Tunggu.. Lepas ni skandal felda Lepas tu MARA Lepas tu tabung haji Lepas tu tanah ATM Lepas tu skandal Scorpene Lepas t…
498,RT @PutraREFORMASI: Tunggu.. Lepas ni skandal felda Lepas tu MARA Lepas tu tabung haji Lepas tu tanah ATM Lepas tu skandal Scorpene Lepas t…
499,RT @PutraREFORMASI: Tunggu.. Lepas ni skandal felda Lepas tu MARA Lepas tu tabung haji Lepas tu tanah ATM Lepas tu skandal Scorpene Lepas t…
500,"@rlthingy tabung nder,kalo udah cukup beliin tiket umrah/haji"
501,RT @PutraREFORMASI: Tunggu.. Lepas ni skandal felda Lepas tu MARA Lepas tu tabung haji Lepas tu tanah ATM Lepas tu skandal Scorpene Lepas t…
502,RT @PutraREFORMASI: Tunggu.. Lepas ni skandal felda Lepas tu MARA Lepas tu tabung haji Lepas tu tanah ATM Lepas tu skandal Scorpene Lepas t…
503,RT @THTStweet: Pendaftaran Badal Haji (Upah Haji) bagi Musim Haji 1439H/2018M DIBUKA! Antara pelaksana Badal Haji terdiri daripada kalangan…
504,RT @PutraREFORMASI: Tunggu.. Lepas ni skandal felda Lepas tu MARA Lepas tu tabung haji Lepas tu tanah ATM Lepas tu skandal Scorpene Lepas t…
505,RT @PutraREFORMASI: Tunggu.. Lepas ni skandal felda Lepas tu MARA Lepas tu tabung haji Lepas tu tanah ATM Lepas tu skandal Scorpene Lepas t…
506,RT @PutraREFORMASI: Tunggu.. Lepas ni skandal felda Lepas tu MARA Lepas tu tabung haji Lepas tu tanah ATM Lepas tu skandal Scorpene Lepas t…
507,RT @PutraREFORMASI: Tunggu.. Lepas ni skandal felda Lepas tu MARA Lepas tu tabung haji Lepas tu tanah ATM Lepas tu skandal Scorpene Lepas t…
508,RT @PutraREFORMASI: Tunggu.. Lepas ni skandal felda Lepas tu MARA Lepas tu tabung haji Lepas tu tanah ATM Lepas tu skandal Scorpene Lepas t…
509,RT @PutraREFORMASI: Tunggu.. Lepas ni skandal felda Lepas tu MARA Lepas tu tabung haji Lepas tu tanah ATM Lepas tu skandal Scorpene Lepas t…
510,RT @PutraREFORMASI: Tunggu.. Lepas ni skandal felda Lepas tu MARA Lepas tu tabung haji Lepas tu tanah ATM Lepas tu skandal Scorpene Lepas t…
511,RT @PutraREFORMASI: Tunggu.. Lepas ni skandal felda Lepas tu MARA Lepas tu tabung haji Lepas tu tanah ATM Lepas tu skandal Scorpene Lepas t…
512,RT @PutraREFORMASI: Tunggu.. Lepas ni skandal felda Lepas tu MARA Lepas tu tabung haji Lepas tu tanah ATM Lepas tu skandal Scorpene Lepas t…
513,RT @PutraREFORMASI: Tunggu.. Lepas ni skandal felda Lepas tu MARA Lepas tu tabung haji Lepas tu tanah ATM Lepas tu skandal Scorpene Lepas t…
514,RT @PutraREFORMASI: Tunggu.. Lepas ni skandal felda Lepas tu MARA Lepas tu tabung haji Lepas tu tanah ATM Lepas tu skandal Scorpene Lepas t…
515,RT @PutraREFORMASI: Tunggu.. Lepas ni skandal felda Lepas tu MARA Lepas tu tabung haji Lepas tu tanah ATM Lepas tu skandal Scorpene Lepas t…
516,RT @PutraREFORMASI: Tunggu.. Lepas ni skandal felda Lepas tu MARA Lepas tu tabung haji Lepas tu tanah ATM Lepas tu skandal Scorpene Lepas t…
517,RT @PutraREFORMASI: Tunggu.. Lepas ni skandal felda Lepas tu MARA Lepas tu tabung haji Lepas tu tanah ATM Lepas tu skandal Scorpene Lepas t…
518,RT @PutraREFORMASI: Tunggu.. Lepas ni skandal felda Lepas tu MARA Lepas tu tabung haji Lepas tu tanah ATM Lepas tu skandal Scorpene Lepas t…
519,RT @PutraREFORMASI: Tunggu.. Lepas ni skandal felda Lepas tu MARA Lepas tu tabung haji Lepas tu tanah ATM Lepas tu skandal Scorpene Lepas t…
520,RT @PutraREFORMASI: Tunggu.. Lepas ni skandal felda Lepas tu MARA Lepas tu tabung haji Lepas tu tanah ATM Lepas tu skandal Scorpene Lepas t…
521,"RT @HafizRayyan: Pembunuhan Altantuya, Scorpene, MARA, Felda, 1MDB, JhoLow, Rosmah si boros, MH370, MH17, skandal Tabung Haji &amp; many more n…"
522,RT @PutraREFORMASI: Tunggu.. Lepas ni skandal felda Lepas tu MARA Lepas tu tabung haji Lepas tu tanah ATM Lepas tu skandal Scorpene Lepas t…
523,RT @PutraREFORMASI: Tunggu.. Lepas ni skandal felda Lepas tu MARA Lepas tu tabung haji Lepas tu tanah ATM Lepas tu skandal Scorpene Lepas t…
524,RT @PutraREFORMASI: Tunggu.. Lepas ni skandal felda Lepas tu MARA Lepas tu tabung haji Lepas tu tanah ATM Lepas tu skandal Scorpene Lepas t…
525,RT @ZaimUwais: Demi mengangkat ketelusan &amp; kerajaan bersih yg dilaungkan PH.   Rakyat Malaysia mahu PH buat siasatan segera juga terhadap P…
526,RT @PutraREFORMASI: Tunggu.. Lepas ni skandal felda Lepas tu MARA Lepas tu tabung haji Lepas tu tanah ATM Lepas tu skandal Scorpene Lepas t…
527,RT @PutraREFORMASI: Tunggu.. Lepas ni skandal felda Lepas tu MARA Lepas tu tabung haji Lepas tu tanah ATM Lepas tu skandal Scorpene Lepas t…
528,RT @ZaimUwais: Demi mengangkat ketelusan &amp; kerajaan bersih yg dilaungkan PH.   Rakyat Malaysia mahu PH buat siasatan segera juga terhadap P…
529,@SakinahZL Menara Ilham. Errr landmark berdekatan is Tabung Haji ? 
530,RT @PutraREFORMASI: Tunggu.. Lepas ni skandal felda Lepas tu MARA Lepas tu tabung haji Lepas tu tanah ATM Lepas tu skandal Scorpene Lepas t…
531,RT @PutraREFORMASI: Tunggu.. Lepas ni skandal felda Lepas tu MARA Lepas tu tabung haji Lepas tu tanah ATM Lepas tu skandal Scorpene Lepas t…
532,"RT @azean_hasan: Tu baru 1mdb punya lapuran..belum lagi kwap, tabung haji, mara..felda..siapa sebenarnya memiskinkan melayu,kalau bukan bek…"
533,RT @PutraREFORMASI: Tunggu.. Lepas ni skandal felda Lepas tu MARA Lepas tu tabung haji Lepas tu tanah ATM Lepas tu skandal Scorpene Lepas t…
534,"RT @azean_hasan: Tu baru 1mdb punya lapuran..belum lagi kwap, tabung haji, mara..felda..siapa sebenarnya memiskinkan melayu,kalau bukan bek…"
535,RT @PutraREFORMASI: Tunggu.. Lepas ni skandal felda Lepas tu MARA Lepas tu tabung haji Lepas tu tanah ATM Lepas tu skandal Scorpene Lepas t…
536,"RT @azean_hasan: Tu baru 1mdb punya lapuran..belum lagi kwap, tabung haji, mara..felda..siapa sebenarnya memiskinkan melayu,kalau bukan bek…"
537,RT @PutraREFORMASI: Tunggu.. Lepas ni skandal felda Lepas tu MARA Lepas tu tabung haji Lepas tu tanah ATM Lepas tu skandal Scorpene Lepas t…
538,RT @PutraREFORMASI: Tunggu.. Lepas ni skandal felda Lepas tu MARA Lepas tu tabung haji Lepas tu tanah ATM Lepas tu skandal Scorpene Lepas t…
539,Orang BN bila nak minta maaf dengan Rafizi yang korang selalu label as penfitnah tu ?   ke nak tunggu audit tabung haji pulak ?
540,RT @PutraREFORMASI: Tunggu.. Lepas ni skandal felda Lepas tu MARA Lepas tu tabung haji Lepas tu tanah ATM Lepas tu skandal Scorpene Lepas t…
541,RT @PutraREFORMASI: Tunggu.. Lepas ni skandal felda Lepas tu MARA Lepas tu tabung haji Lepas tu tanah ATM Lepas tu skandal Scorpene Lepas t…
542,RT @PutraREFORMASI: Tunggu.. Lepas ni skandal felda Lepas tu MARA Lepas tu tabung haji Lepas tu tanah ATM Lepas tu skandal Scorpene Lepas t…
543,"RT @azean_hasan: Tu baru 1mdb punya lapuran..belum lagi kwap, tabung haji, mara..felda..siapa sebenarnya memiskinkan melayu,kalau bukan bek…"
544,Kenapa ada nama Naja kat situ.  Hello. Rosak nama Naja tau.   
545,Boleh tak nak terawikh kat masjid tabung haji  kat sini tak suka laaaaaa
